well_name,rig_name,date_raw,report_no,days_without_lta,pob_total,avg_pen_rate_mhr,pob_expat,last_bop_test,pob_staff,deepest_casing_size_in,deepest_casing_depth_m,pob_non_staff,last_kick_drill,gels,mud_cost_daily_usd,mud_cost_cumulative_usd,surveys,pump1_make,pump1_model,pump1_stroke_in,pump1_liner_in,pump2_make,pump2_model,pump2_stroke_in,pump2_liner_in,pump3_make,pump3_model,pump3_stroke_in,pump3_liner_in,summary,anomalies,has_anomaly,anomaly_evidence,fuel_balance_l,source_file,footage_m,time_logging_daily_hrs,time_coring_dst_daily_hrs,time_others_daily_hrs,time_total_daily_hrs,time_logging_cumm_hrs,time_coring_dst_cumm_hrs,time_others_cumm_hrs,time_total_cumm_hrs,bit_size_in,bit_serial,bit_make_type,bit_jets,bit_dull_code,pump3_gpm,depth_m,mud_weight_ppg,funnel_viscosity_s,plastic_viscosity,yield_point,api_wl,chlorides_ppm,sand_pct,solids_pct,mbt,ph,oil_water_ratio,mud_type,bit_depth_out_m,bit_footage_m,bit_weight_klbs,bit_rpm,pump1_spm,pump1_gpm,pump2_spm,pump2_gpm,pump2_pressure_psi,annular_velocity_dc_ftmin,nozzle_velocity_fps,bit_pressure_drop_psi,hydraulic_hp,time_drilling_daily_hrs,time_drilling_cumm_hrs,annular_velocity_dp_ftmin,time_trips_daily_hrs,time_circ_ream_daily_hrs,time_trips_cumm_hrs,time_circ_ream_cumm_hrs,time_rig_repairs_daily_hrs,time_rig_repairs_cumm_hrs,fuel_received_l,pump1_pressure_psi
Thar Jath # 11,ZPEB Rig 747,16 September,1.0,458.0,114.0,,50.0,10-Sep-04,27.0,38.0,23.0,37.0,10-Sep-04,0.0,,,[],T-1300,BPMP,12.0,6 IN.,T-1300,BPMP,12.0,6 IN.,T-800,BPMP,9.0,5 1/8 IN.,Rig down and move to Thar Jath # 11. Forwards operation: Rig down and move to Thar Jath #,['no_anomaly'],False,,15000.0,01_TharJath_11.json,,,,,,,,,,,,,,,,,,,,,,,,,,,,,,,,,,,,,,,,,,,,,,,,,,,,
Operator : Petronas Carigali,Contractor: ZPEB Water Depth : 0 m Mud Type : Flo Pro NT,,,,,,,,,,,,,,,,[],,,,,,,,,,,,,,['no_anomaly'],False,,,02_TharJath_11.json,,,,,,,,,,,,,,,,,,,,,,,,,,,,,,,,,,,,,,,,,,,,,,,,,,,,
Thar Jath # 11,ZPEB Rig 747,18 September,3.0,460.0,113.0,,51.0,10-Sep-04,25.0,38.0,23.0,37.0,10-Sep-04,0.0,,,[],T-1300,BPMP,12.0,6 IN.,T-1300,BPMP,12.0,6 IN.,T-800,BPMP,9.0,5 1/8 IN.,Rig down and move to Thar Jath # 11. Rig up on Thar Jath # 11. Forwards operation: Rig move,['no_anomaly'],False,,54000.0,03_TharJath_11.json,,,,24.0,24.0,,,57.0,57.0,,,,,,,,,,,,,,,,,,,,,,,,,,,,,,,,,,,,,,,,,,,
Thar Jath # 11,ZPEB Rig 747,19 September,4.0,461.0,117.0,,47.0,10-Sep-04,33.0,20.0,21.0,37.0,10-Sep-04,0.0,,,[],T-1300,BPMP,12.0,6 IN.,T-1300,BPMP,12.0,6 IN.,T-800,BPMP,9.0,5 1/8 IN.,Continue to rig up on Thar Jath # 11. Forwards operation: Rig up on Thar Jath # 11. Drill mouse 04 04 09,['no_anomaly'],False,,53000.0,04_TharJath_11.json,,,,24.0,24.0,,,81.0,81.0,,,,,,,,,,,,,,,,,,,,,,,,,,,,,,,,,,,,,,,,,,,
Thar Jath # 11,ZPEB Rig 747,20 September,5.0,462.0,124.0,,55.0,10-Sep-04,32.0,20.0,21.0,37.0,10-Sep-04,0.0,,,[],T-1300,BPMP,12.0,6 2/3 IN.,T-1300,BPMP,12.0,6 2/3 IN.,T-800,BPMP,9.0,5 1/8 IN.,Continue to rig up on Thar Jath # 11. Forwards operation: Rig up on Thar Jath # 11. Drill mouse 04 04 09,['no_anomaly'],False,,51000.0,05_TharJath_11.json,,,,24.0,24.0,,,105.0,105.0,,,,,,,,,,,,,,,,,,,,,,,,,,,,,,,,,,,,,,,,,,,
Thar Jath # 11,ZPEB Rig 747,21 September,6.0,463.0,124.0,,55.0,10-Sep-04,32.0,20.0,21.0,37.0,10-Sep-04,0.0,,,[],T-1300,BPMP,12.0,6 2/3 IN.,T-1300,BPMP,12.0,6 2/3 IN.,T-800,BPMP,9.0,5 1/8 IN.,"Continue to rig up on Thar Jath # 11.Drill mouse and rat hole. Nipple up 20"" diverter while wait 04 04 09",['no_anomaly'],False,,51000.0,06_TharJath_11.json,,,,24.0,24.0,,,129.0,129.0,17.5,6022494,HTC/MX-1,"3x22,1x16",1-1-7,,,,,,,,,,,,,,,,,,,,,,,,,,,,,,,,,,,,,,
Thar Jath # 11,ZPEB Rig 747,22 September,7.0,464.0,117.0,,47.0,10-Sep-04,35.0,20.0,21.0,35.0,10-Sep-04,0.0,,,[],T-1300,BPMP,12.0,6 2/3 IN.,T-1300,BPMP,12.0,6 2/3 IN.,T-800,BPMP,9.0,"5 15/16"" IN.",Center diverter and lay diverter line. General rig maintance while wait on ZPEB drilling 04 04 09,['no_anomaly'],False,,50000.0,07_TharJath_11.json,,,,24.0,24.0,,,153.0,153.0,17.5,6022494,HTC/MX-1,"3x22,1x16",1-1-7,,,,,,,,,,,,,,,,,,,,,,,,,,,,,,,,,,,,,,
Thar Jath # 11,ZPEB Rig 747,23 September,8.0,465.0,115.0,7.36,47.0,10-Sep-04,33.0,20.0,21.0,35.0,10-Sep-04,6.0,21746.0,25806.0,"[{'md_m': 51.0, 'angle': '1/4'}]",T-1300,BPMP,12.0,6 2/3 IN.,T-1300,BPMP,12.0,6 2/3 IN.,T-800,BPMP,9.0,"5 15/16"" IN.",General rig maintance while wait on ZPEB drilling equipment to be inspected & returned. Make 04 04 09,['no_anomaly'],False,,46000.0,08_TharJath_11.json,81.0,,,13.0,24.0,,,166.0,177.0,17.5,6022494,HTC/MX-1,"3x22,1x16",1-1-7,,91.0,9.5,42.0,6.0,22.0,6.8,60000.0,0.2,7.5,3.0,11.2,7.0,"Duovis,8 Mi-Pac R,10 Mi Pac UL,20",81.0,11.0,5 - 15,130.0,100.0,547.0,100.0,547.0,1350.0,110.0,254.0,548.0,334.0,11.0,11.0,,,,,,,,,
Thar Jath # 11,ZPEB Rig 747,24 September,9.0,466.0,115.0,13.73,47.0,10-Sep-04,33.0,20.0,21.0,35.0,10-Sep-04,5.0,12542.0,38348.0,"[{'md_m': 246.0, 'angle': '1/4'}, {'md_m': 373.0, 'angle': '1/2'}]",T-1300,BPMP,12.0,6 11/16 IN.,T-1300,BPMP,12.0,6 11/16 IN.,T-800,BPMP,9.0,5 15/16 IN.,"Drill f / 91m. To 259m. Circulate and survey. Wiper trip to surface, max overpull 45 klbs. Drill 04 04 09",['tight_hole'],True,"0 2.00 6 p.o.o.h. wiper trip to surface.tight hole f / 225m to 88m max over 45 klbs 15.00 | and survey. wiper trip to surface, max overpull 45 klbs. drill 04 04 09  dry hole ahead | m. 16.00 17.00 1.00 3 pick up kelly and ream f /134m to156m 17.00 17.50 0.50 6 r.i.h",42000.0,09_TharJath_11.json,254.0,,,1.0,24.0,,,167.0,201.0,17.5,6022494,HTC/MX-1,"3x22,1x16",1-1-7,,345.0,10.4,42.0,10.0,19.0,5.8,60000.0,0.3,13.0,3.5,10.8,10.0,"Mi-Pac R,13 KCl,20 Sildril",335.0,29.5,5 - 15,130.0,100.0,547.0,100.0,547.0,2050.0,110.0,254.0,594.0,360.0,18.5,29.5,90.0,3.5,1.0,3.5,1.0,,,,
Thar Jath # 11,ZPEB Rig 747,25 September,10.0,467.0,115.0,13.67,47.0,10-Sep-04,33.0,20.0,21.0,35.0,10-Sep-04,13.0,6562.0,44910.0,"[{'md_m': 246.0, 'angle': '1/4'}, {'md_m': 373.0, 'angle': '1/2'}]",T-1300,BPMP,12.0,6 11/16 IN.,T-1300,BPMP,12.0,6 11/16 IN.,T-800,BPMP,9.0,5 15/16 IN.,Drill ahead to 386m. Survey and wiper trip. Circulate and condition mud. P.O.O.H. Rig up and 04 04 09,"['lost_circulation', 'pack_off', 'tight_hole']",True,"ssure shot up to 1600psi. from 380 psi. unable to circulate try to clear with rig pumps and dowell | able to clear, casing moving freely not packed off, internal problem, commence to p.o.o.h. | 0 6 p.o.o.h. wiper trip to surface. max over pull 68 klbs @ 187m 7.00 7.50 0.50 3 pick up | 7 1/2"" stabs and 9 "" drill collars, max over pull 10 klbs. 17.50 24.00 6.50 12 rig up and | ck up kelly work free and circulate and ream 7.50 9.50 2.00 6 continue to p.o.o.h. 9",38000.0,10_TharJath_11.json,41.0,,,7.0,24.0,,,174.0,225.0,17.5,6022494,HTC/MX-1,"3x22,1x16 386 m",1-1-7,,386.0,10.8,50.0,11.0,22.0,7.3,88000.0,0.2,15.5,7.2,10.4,7.0,"Barite, 5 Mi-Pac R,3 KCl,1 Duovis.",376.0,32.5,5 - 15,130.0,100.0,547.0,100.0,547.0,2050.0,110.0,254.0,594.0,360.0,3.0,32.5,90.0,10.0,4.0,13.5,5.0,,,,
Thar Jath # 11,ZPEB Rig 747,26 September,11.0,468.0,118.0,0.0,49.0,10-Sep-04,34.0,20.0,21.0,35.0,10-Sep-04,913.0,10014.0,54924.0,"[{'md_m': 246.0, 'angle': '1/4'}, {'md_m': 373.0, 'angle': '1/2'}]",T-1300,BPMP,12.0,6 11/16 IN.,T-1300,BPMP,12.0,6 11/16 IN.,T-800,BPMP,9.0,5 15/16 IN.,"Continue to run 13 3/8 "" casing to 386m, circulate 535bbls mud, pressure shot up unable to 04 04 09","['lost_circulation', 'pack_off']",True,"ssure shot up to 1600psi. from 380 psi. unable to circulate try to clear with rig pumps and dowell | able to clear, casing moving freely not packed off, internal daily  continue to run 13 3/8",38000.0,11_TharJath_11.json,41.0,,,21.0,24.0,,,195.0,249.0,17.5,6022494,HTC/MX-1,"3x22,1x16 386 m",1-1-7,,386.0,10.8,50.0,11.0,22.0,7.3,88000.0,0.1,15.5,7.2,10.4,6.0,"Barite, 15 Mi-Pac UL,4 PAC R,",376.0,32.5,5 - 15,130.0,100.0,547.0,100.0,547.0,2050.0,110.0,254.0,594.0,360.0,,32.5,90.0,2.5,,16.0,5.0,0.5,0.5,,
Thar Jath # 11,ZPEB Rig 747,27 September,12.0,469.0,118.0,0.0,49.0,10-Sep-04,34.0,38.0,386.0,35.0,10-Sep-04,7.0,2040.0,56964.0,"[{'md_m': 246.0, 'angle': '1/4'}, {'md_m': 373.0, 'angle': '1/2'}]",T-1300,BPMP,12.0,6 11/16 IN.,T-1300,BPMP,12.0,6 11/16 IN.,T-800,BPMP,9.0,5 15/16 IN.,"Make up 17 1/2"" bit and R.I.H. wiper trip. Ream from 293m to 386m. P.O.O.H. Rig up and run 13 04 04 09","['tight_hole', 'cementing_issue']",True,"pass 2.00 4.00 2.00 3 pick up kelly and ream and wash from 293m to 386m 4.00 5.50 1. | e up 17 1/2"" bit and r.i.h. wiper trip. ream from 293m to 386m. p.o.o.h. rig up and | m, circulate 20.50 22.00 1.50 12 rig up cement head and lines, pressure test same. dro | utes okay. bleed off 1/2 bbl back flow. cement returns to surface daily  make up 17 1/ | run 13 04 04 09  dry hole 3/8"" casing. cement and displace casing , cement returns to",32000.0,12_TharJath_11.json,41.0,,,15.0,24.0,,,210.0,273.0,17.5,6022494,HTC/MX-1,"3x22,1x16 386 m",1-1-7,,386.0,10.8,47.0,12.0,22.0,6.6,85.0,0.2,16.0,6.4,9.5,2.0,Barite.,376.0,32.5,5 - 15,130.0,100.0,547.0,100.0,547.0,2050.0,110.0,254.0,594.0,360.0,,32.5,90.0,5.5,3.5,21.5,8.5,,0.5,,
Thar Jath # 11,ZPEB Rig 747,28 September,13.0,470.0,117.0,0.0,49.0,28-Sep-04,33.0,38.0,386.0,35.0,10-Sep-04,6.0,2772.0,59735.0,[],T-1300,BPMP,12.0,6 11/16 IN.,T-1300,BPMP,12.0,6 11/16 IN.,T-800,BPMP,9.0,5 15/16 IN.,"Prepare diverter whilst wait on cement. Nipple down diverter and nipple up B.O.P.s, pressure test 04 04 09",['cementing_issue'],True,"lean out flow line and cellar, rig down cement head and lines, prepare for nipple down | for nipple down diverter while wait on cement. 6.00 12.00 6.00 14 slack of casing str | daily  prepare diverter whilst wait on cement. nipple down diverter and nipple up b.o",31000.0,13_TharJath_11.json,386.0,,,24.0,24.0,,,234.0,297.0,17.5,6022494,HTC/MX-1,"3x22,1x16 386 m",1-1-7,,386.0,10.4,47.0,13.0,25.0,4.8,85000.0,0.2,16.0,5.7,9.5,15.0,Pac UL.,376.0,32.5,5 - 15,130.0,,,,,2050.0,,,,,,32.5,,,,21.5,8.5,,0.5,,
Thar Jath # 11,ZPEB Rig 747,29 September,14.0,471.0,112.0,13.74,47.0,28-Sep-04,30.0,38.0,386.0,35.0,10-Sep-04,10.0,26289.0,86024.0,[],T-1300,BPMP,12.0,5 8/16 IN.,T-1300,BPMP,12.0,6 11/16 IN.,T-800,BPMP,9.0,5 15/16 IN.,"Run wear bushing, change out kelly and swivel. R.I.H. and drill out float and shoe, displace to 04 04 09",['cementing_issue'],True,"with 12 1/4 "" drilling assembly and tag cement @ 361m 8.50 10.50 2.00 3 drill cement, | g cement @ 361m 8.50 10.50 2.00 3 drill cement, tag float @ 363m, drill float and shoe | le f / 386m to 389 m 11.00 12.00 1.00 5 displace to mud system, circulate to even out mu | l. r.i.h. and drill out float and shoe, displace to 04 04 09  dry hole mud, conduct f.i.",30000.0,14_TharJath_11.json,158.0,,,5.5,24.0,,,239.5,321.0,17.5,6022494,HTC/MX-1,"3x22,1x16 386 m",1-1-7,,544.0,10.3,45.0,17.0,28.0,5.4,75000.0,0.3,14.0,5.0,11.2,6.0,"Duovis, 10 Pac R, 15 Pac UL, 24",376.0,32.5,5 - 15,130.0,98.0,363.0,98.0,536.0,2500.0,294.0,365.0,1228.0,748.0,11.5,44.0,205.0,4.0,3.0,25.5,11.5,,0.5,,
Thar Jath # 11,ZPEB Rig 747,30 September,15.0,472.0,112.0,18.96,47.0,28-Sep-04,30.0,38.0,386.0,35.0,10-Sep-04,12.0,16799.0,102823.0,"[{'md_m': 541.0, 'angle': '1'}, {'md_m': 656.0, 'angle': '1'}, {'md_m': 791.0, 'angle': '3/4'}]",T-1300,BPMP,12.0,5 8/16 IN.,T-1300,BPMP,12.0,6 11/16 IN.,T-800,BPMP,9.0,5 15/16 IN.,"Drill 12 1/4 "" hole to 800m. P.O.O.H. lay out 8"" D/C and stabs. Pick up kick off assembly and 04 04 09",['no_anomaly'],False,,28000.0,15_TharJath_11.json,256.0,,,4.5,24.0,,,244.0,345.0,,,,,,,800.0,10.2,56.0,18.0,31.0,5.2,73000.0,0.2,12.0,4.5,11.2,6.0,"Duovis, 1 Barite, 12 Pac R, 26",,,,,98.0,363.0,98.0,536.0,2500.0,294.0,365.0,1228.0,748.0,13.5,57.5,205.0,6.0,,31.5,11.5,,0.5,,
Thar Jath # 11,ZPEB Rig 747,1 October,16.0,473.0,113.0,12.55,47.0,28-Sep-04,31.0,38.0,386.0,35.0,10-Sep-04,11.0,19266.0,122089.0,[],T-1300,BPMP,12.0,5 2/16 IN.,T-1300,BPMP,12.0,5 8/16 IN.,T-800,BPMP,9.0,5 15/16 IN.,"Continue to run in hole with kick off assembly and drill 12 1/4"" directional pilot hole ( 28 Deg, 04 04 09",['tight_hole'],True,m. 6.50 7.50 1.00 3 pick up kelly wash ream from 770m to 800m 7.50 24.00 16.50 2 dr,26000.0,16_TharJath_11.json,207.0,,,0.5,24.0,,,244.5,369.0,,,,,,,1007.0,10.2,52.0,17.0,28.0,5.8,74000.0,0.2,12.0,4.3,11.2,9.0,"Duovis, 30 Pac UL, 30 Polysal,",,,,,104.0,334.0,104.0,385.0,1822.0,294.0,201.0,373.0,154.0,16.5,74.0,138.0,6.0,1.0,37.5,12.5,,0.5,,
Thar Jath # 11,ZPEB Rig 747,2 October,17.0,474.0,114.0,11.53,48.0,28-Sep-04,31.0,38.0,386.0,35.0,10-Sep-04,12.0,1864.0,123952.0,[],T-1300,BPMP,12.0,5 2/16 IN.,T-1300,BPMP,12.0,5 8/16 IN.,T-800,BPMP,9.0,5 15/16 IN.,"Drill 12 1/4"" directional pilot hole to 1105 m ( 32 Deg, Azimuth 328) @ 1066m. M.D. Circulate 04 04 09",['tight_hole'],True,.w.d.( low on oil leaking ) failed. max over pull 68klbs 16.00 19.00 3.00 6 change out m.,24000.0,17_TharJath_11.json,98.0,,,0.5,24.0,,,245.0,393.0,,,,,,,1105.0,10.2,60.0,23.0,33.0,5.5,74000.0,0.15,12.5,4.2,11.2,1.0,"Duovis, 1 Barite.",,,,,104.0,334.0,104.0,385.0,1822.0,294.0,201.0,373.0,154.0,8.5,82.5,138.0,13.5,1.5,51.0,14.0,,0.5,,
Thar Jath # 11,ZPEB Rig 747,3 October,18.0,475.0,116.0,9.02,48.0,28-Sep-04,33.0,38.0,386.0,35.0,10-Sep-04,16.0,14573.0,138525.0,"[{'md_m': 153.0, 'angle': '325/6'}, {'md_m': 182.0, 'angle': '388/9'}, {'md_m': 239.0, 'angle': '385/9'}]",T-1300,BPMP,12.0,5 2/16 IN.,T-1300,BPMP,12.0,5 8/16 IN.,T-800,BPMP,9.0,5 15/16 IN.,"Continue to R.I.H. Drill 12 1/4"" directional pilot hole to 1290 m ( 38.56 Deg, Azimuth 326.87 @ 04 04 09",['tight_hole'],True,".50 3 unable to make connection 98 klbs overpull work free. 18.00 19.00 1.00 5 condition | code remarks 0.50 0.50 3 pick up kelly, ream and wash f / 967m to 989m 0.50 1.50 1.0 | o 1082m 1.50 2.00 0.50 3 pick up kelly, ream and wash f / 1082m to 1105m 2.00 17.50",22000.0,18_TharJath_11.json,185.0,,,,24.0,,,245.0,417.0,,,,,,,1290.0,10.2,58.0,20.0,34.0,5.2,76000.0,0.2,13.0,4.5,11.3,4.0,"Duovis, 1 Barite' 2 Mi Cide, 10",,,,,107.0,344.0,108.0,400.0,1822.0,161.0,204.0,389.0,163.0,20.5,103.0,140.0,1.0,2.5,52.0,16.5,,0.5,,
Thar Jath # 11,ZPEB Rig 747,4 October,19.0,476.0,116.0,4.56,48.0,28-Sep-04,33.0,38.0,386.0,35.0,10-Sep-04,19.0,9161.0,147686.0,"[{'md_m': 210.0, 'angle': '39'}, {'md_m': 296.0, 'angle': '382/5'}, {'md_m': 355.0, 'angle': '381/2'}]",T-1300,BPMP,12.0,5 2/16 IN.,T-1300,BPMP,12.0,5 8/16 IN.,T-800,BPMP,9.0,5 15/16 IN.,"Continue to R.I.H. Drill 12 1/4"" directional pilot hole to 1305 m ( 38.41 Deg, Azimuth 327.24 @ 04 04 09",['tight_hole'],True,"0 6 p.o.o.h. wiper trip to k.o.p. ( max overpull 90 klbs f /1093m to 1041m ) 10.50 11.00 | 1296m. m.d.) p.o.o.h. wiper trip, ( max over pull 90klbs) r.i.h. and continue to drill 12 | 0m 11.00 11.50 0.50 3 pick up kelly and ream f / 1020m to 1030m 11.50 12.00 0.50 6 r | 0m 12.00 12.50 0.50 3 pick up kelly and ream f / 1060m to 1080m 12.50 13.00 0.50 6 r",20000.0,19_TharJath_11.json,82.0,,,,24.0,,,245.0,441.0,,,,,,,1372.0,10.4,52.0,23.0,31.0,5.2,75000.0,0.3,12.5,4.5,11.2,1.0,"Barite, 10 Mi Pac Ul, 10 Polysal,",,,,,107.0,344.0,108.0,400.0,1822.0,161.0,204.0,389.0,163.0,18.0,121.0,140.0,3.5,2.5,55.5,19.0,,0.5,,
Thar Jath # 11,ZPEB Rig 747,5 October,20.0,477.0,108.0,4.42,48.0,28-Sep-04,34.0,38.0,386.0,26.0,10-Sep-04,16.0,3000.0,150686.0,"[{'md_m': 384.0, 'angle': '38'}, {'md_m': 410.0, 'angle': '38'}, {'md_m': 472.0, 'angle': '371/5'}]",T-1300,BPMP,12.0,5 2/16 IN.,T-1300,BPMP,12.0,5 8/16 IN.,T-800,BPMP,9.0,5 15/16 IN.,"Continue to R.I.H. Drill 12 1/4"" directional pilot hole to 1472 m M/D. ( 37.20 Deg, Azimuth 04 04 09",['tight_hole'],True,.o.o.h. wiper trip to shoe @ 386m ( max over pull 30klbs ) 17.50 18.50 1.00 6 r.i.h. to 8 | m.d.) p.o.o.h. wiper trip to 386m ( max over pull 30klbs) r.i.h. circulate hi-,16000.0,20_TharJath_11.json,53.0,,,,24.0,,,245.0,465.0,,,,,,,1472.0,10.6,49.0,19.0,29.0,5.2,73000.0,0.15,14.0,4.5,11.2,4.0,Barite.,,,,,107.0,344.0,108.0,400.0,1822.0,161.0,204.0,396.0,163.0,12.0,133.0,140.0,8.0,4.0,63.5,23.0,,0.5,,
Thar Jath # 11,ZPEB Rig 747,5 October,20.0,477.0,109.0,4.42,48.0,28-Sep-04,35.0,38.0,386.0,26.0,10-Sep-04,16.0,2674.0,153360.0,"[{'md_m': 384.0, 'angle': '38'}, {'md_m': 410.0, 'angle': '38'}, {'md_m': 472.0, 'angle': '371/5'}]",T-1300,BPMP,12.0,5 2/16 IN.,T-1300,BPMP,12.0,5 8/16 IN.,T-800,BPMP,9.0,5 15/16 IN.,Continue to P.O.O.H. for E-Logging.Rig up Schlumberger and run log # 1PEX-HALS-BHC-GR- 04 04 09,['cementing_issue'],True,"5 rig up and circulate while batch mix cement 21.00 21.50 0.50 17 pump 10 bbl. flush, | 22.00 0.50 17 pump 90 bbl. of 15.8ppg. cement slurry, 5.5 bbl. of cw-100 22.00 22.50 | 69 bbl. mud 22.50 23.00 0.50 6 rig down cement lines and p.o.o.h. to 1162m 23.00 24.00 | 5.5 bbl. of cw-100 22.00 22.50 0.50 17 displace with 69 bbl. mud 22.50 23.00 0.50 6 rig",16000.0,21_TharJath_11.json,53.0,,,,24.0,,,245.0,465.0,,,,,,,1472.0,10.6,49.0,19.0,29.0,5.2,73000.0,0.2,14.0,4.5,11.2,2.0,"Barite, 1 Bentonite, 1 Duovis.",,,,,107.0,344.0,108.0,400.0,1822.0,161.0,204.0,396.0,163.0,12.0,133.0,140.0,8.0,4.0,63.5,23.0,,0.5,,
Thar Jath # 11,ZPEB Rig 747,7 October,22.0,479.0,109.0,,48.0,28-Sep-04,35.0,38.0,386.0,26.0,,11.0,1080.0,154440.0,"[{'md_m': 384.0, 'angle': '38'}, {'md_m': 410.0, 'angle': '38'}, {'md_m': 472.0, 'angle': '371/5'}]",T-1300,BPMP,12.0,5 2/16 IN.,T-1300,BPMP,12.0,5 8/16 IN.,T-800,BPMP,9.0,5 15/16 IN.,"P.O.O.H. to shoe. Wait on cement, R.I.H. tag cement @ 1304m.P.O.O.H. to 1260m and spot hi- 04 04 09",['cementing_issue'],True,"to shoe 386m 3.00 7.00 4.00 13 wait on cement 7.00 8.50 1.50 6 r.i.h. tag cement @ 13 | t on cement 7.00 8.50 1.50 6 r.i.h. tag cement @ 1304m 8.50 9.00 0.50 6 p.o.o.h. to 12 | o.o.h. to 1243m and circulate while mix cement for plug # 2 10.00 10.50 0.50 17 rig up | g # 2 10.00 10.50 0.50 17 rig up dowell cementing line, pump 10bbls cw100 and pressure | 10 bbls cw-100 and 20 bbls of 15.8 ppg. cement slurry 11.50 12.00 0.50 17 displace 63",45000.0,22_TharJath_11.json,,,,12.5,24.0,,,268.5,513.0,,,,,,,,10.6,51.0,18.0,24.0,5.4,74000.0,0.1,14.0,4.3,11.2,,,,,,,,,,,1822.0,,,,,,133.0,,7.5,4.0,81.0,30.0,,0.5,35000.0,
Thar Jath # 11,ZPEB Rig 747,8 October,23.0,480.0,109.0,,48.0,28-Sep-04,35.0,38.0,386.0,26.0,,8.0,3471.0,157911.0,[],T-1300,BPMP,12.0,5 2/16 IN.,T-1300,BPMP,12.0,5 8/16 IN.,T-800,BPMP,9.0,5 15/16 IN.,"Pump 100bbls of cement slurry @ 17ppg. P.O.O.H. laying out excess drill pipe, wait on cement. 04 04 09",['cementing_issue'],True,"arks 0.50 0.50 17 pump 100bbls of 17ppg cement slurry, plug # 3 0.50 1.00 0.50 17 disp | .h. to shoe 10.50 18.00 7.50 13 wait on cement 18.00 20.00 2.00 6 r.i.h. tag cement @ | on cement 18.00 20.00 2.00 6 r.i.h. tag cement @ 995m 20.00 22.50 2.50 3 drill cement | cement @ 995m 20.00 22.50 2.50 3 drill cement to 1018m. ( sample from 1015m 60 % form | o pick up m.w.d. daily  pump 100bbls of cement slurry @ 17ppg. p.o.o.h. laying out exc",42000.0,23_TharJath_11.json,,,,8.5,24.0,,,277.0,537.0,,,,,,,,10.6,49.0,15.0,23.0,7.5,62000.0,0.2,13.5,4.0,10.9,3.0,"Barite, 1 Bentonite, 5 Pac R, 3",,,,,,,,,,,,,,,133.0,,11.5,4.0,92.5,34.0,,0.5,,
Thar Jath # 11,ZPEB Rig 747,9 October,24.0,481.0,106.0,0.43,45.0,28-Sep-04,35.0,38.0,386.0,26.0,,12.0,13958.0,171868.0,[],T-1300,BPMP,12.0,5 2/16 IN.,T-1300,BPMP,12.0,5 8/16 IN.,T-800,BPMP,9.0,5 15/16 IN.,P.O.O.H. to pick up M.W.D. Make up kick off assembly and R.I.H. with M.W.D. Tag cement @ 04 04 09,['cementing_issue'],True,off assembly and r.i.h. with m.w.d. tag cement @ 04 04 09  dry hole 1017m begin kick o,37000.0,24_TharJath_11.json,5.0,,,1.0,24.0,,,278.0,561.0,,,,,,,1022.0,10.4,50.0,18.0,26.0,5.8,70000.0,0.1,13.0,4.5,11.25,3.0,"Duovis, 7 KCL, 30 Sildril, 5 Pac",,,,,98.0,315.0,98.0,363.0,,185.0,187.0,329.0,126.0,11.5,144.5,128.0,10.0,1.5,102.5,35.5,,0.5,,
Thar Jath # 11,ZPEB Rig 747,10 October,25.0,482.0,107.0,4.5,46.0,28-Sep-04,35.0,38.0,386.0,26.0,,13.0,8002.0,179870.0,"[{'md_m': 31.0, 'angle': '281/2'}, {'md_m': 60.0, 'angle': '311/3'}, {'md_m': 89.0, 'angle': '35'}]",T-1300,BPMP,12.0,5 2/16 IN.,T-1300,BPMP,12.0,5 8/16 IN.,T-800,BPMP,9.0,5 15/16 IN.,"Drill ( slide & rotate ) 12 1/4"" directional hole from 1020m to 1128m. 28.48 Deg. Azimuth 326.30 04 04 09",['no_anomaly'],False,,32000.0,25_TharJath_11.json,108.0,,,,24.0,,,278.0,585.0,,,,,,,1128.0,10.6,51.0,18.0,26.0,5.4,69000.0,0.2,14.0,4.5,11.3,2.0,"Barite,2 KCL, 20 Sildril, 2 Pac Ul.",,,,,102.0,328.0,102.0,378.0,,192.0,194.0,361.0,144.0,24.0,168.5,133.0,,,102.5,35.5,,0.5,,
Thar Jath # 11,ZPEB Rig 747,11 October,26.0,483.0,107.0,5.58,46.0,28-Sep-04,35.0,38.0,386.0,26.0,,19.0,12704.0,192574.0,"[{'md_m': 147.0, 'angle': '45'}, {'md_m': 176.0, 'angle': '485/9'}, {'md_m': 203.0, 'angle': '511/4'}]",T-1300,BPMP,12.0,5 2/16 IN.,T-1300,BPMP,12.0,5 8/16 IN.,T-800,BPMP,9.0,5 15/16 IN.,"Drill ( slide & rotate ) 12 1/4"" directional hole from 1128m to 1196m. Wiper trip at 1196m back to 04 04 09",['tight_hole'],True,".50 14.50 1.00 6 p.o.o.h. to 998m ( max over pull 74 klbs. f /1026m to 1023m ) 14.50 15.0 | 00 16.50 0.50 3 pick up kelly, wash and ream to 1137m 16.50 17.00 0.50 6 r.i.h. to 1",28000.0,26_TharJath_11.json,106.0,,,,24.0,,,278.0,609.0,,,,,,,1234.0,10.6,54.0,19.0,29.0,5.6,73000.0,0.2,14.0,4.5,11.3,1.0,"Barite,7 KCL, 20 Sildril, 12 Pac",,,,,102.0,328.0,102.0,378.0,,192.0,194.0,357.0,141.0,19.0,187.5,134.0,2.5,2.5,105.0,38.0,,0.5,,
Thar Jath # 11,ZPEB Rig 747,12 October,27.0,484.0,105.0,4.44,44.0,28-Sep-04,35.0,38.0,386.0,26.0,,18.0,7228.0,199802.0,"[{'md_m': 231.0, 'angle': '55'}, {'md_m': 260.0, 'angle': '585/6'}, {'md_m': 289.0, 'angle': '617/8'}]",T-1300,BPMP,12.0,5 2/16 IN.,T-1300,BPMP,12.0,5 8/16 IN.,T-800,BPMP,9.0,5 15/16 IN.,"Drill ( slide & rotate ) 12 1/4"" directional hole from 1234m to 1334m. (Survey at 1289 61.87 Deg. 04 04 09",['no_anomaly'],False,,22000.0,27_TharJath_11.json,100.0,,,,24.0,,,278.0,633.0,,,,,,,1334.0,10.6,52.0,17.0,29.0,6.0,75000.0,0.2,14.0,5.0,11.25,1.0,"Barite,5 KCL, 10 Sildril, 10 Pac",,,,,102.0,328.0,102.0,378.0,,192.0,194.0,357.0,141.0,22.5,210.0,134.0,,1.5,105.0,39.5,,0.5,,
Thar Jath # 11,ZPEB Rig 747,13 October,28.0,485.0,105.0,22.76,45.0,28-Sep-04,34.0,38.0,386.0,26.0,,19.0,12606.0,212408.0,"[{'md_m': 289.0, 'angle': '617/8'}, {'md_m': 317.0, 'angle': '637/8'}, {'md_m': 346.0, 'angle': '685/6'}]",T-1300,BPMP,12.0,5 2/16 IN.,T-1300,BPMP,12.0,5 8/16 IN.,T-800,BPMP,9.0,5 15/16 IN.,"P.O.O.H. change out M.W.D. and pick up bit # 8 . R.I.H. and Drill ( slide & rotate ) 12 1/4"" 04 04 09",['tight_hole'],True,50 5.50 6 p.o.o.h for bit change. ( max overpull 53klbs. from 1230m to 1190m ) 6.50 9.00,40000.0,28_TharJath_11.json,239.0,,,,24.0,,,278.0,657.0,,,,,,,1373.0,10.6,51.0,18.0,26.0,6.0,78000.0,0.1,14.0,5.0,11.2,7.0,"Barite,5 Duovis, 5 KCL, 14 Sildril,",,,,,95.0,305.0,95.0,352.0,,192.0,194.0,357.0,141.0,10.5,220.5,132.0,12.5,1.0,117.5,40.5,,0.5,22000.0,
Thar Jath # 11,ZPEB Rig 747,14 October,29.0,486.0,104.0,2.15,44.0,28-Sep-04,34.0,38.0,386.0,26.0,,20.0,5938.0,218346.0,"[{'md_m': 289.0, 'angle': '617/8'}, {'md_m': 317.0, 'angle': '637/8'}, {'md_m': 346.0, 'angle': '685/6'}]",T-1300,BPMP,12.0,5 2/16 IN.,T-1300,BPMP,12.0,5 8/16 IN.,T-800,BPMP,9.0,5 15/16 IN.,"Drill ( slide & rotate ) 12 1/4"" directional hole from 1173m to 1416m. (Survey at 1394m 73.67 04 04 09",['tight_hole'],True,.00 23.50 1.50 6 p.o.o.h. to 982m ( max overpull 51klbs f/ 1148m to 1140m ) 23.50 24.00 | imuth 327.85). wiper trip to 982m ( max overpull 51 klbs ) r.i.h. to 1200m.forward,34000.0,29_TharJath_11.json,43.0,,,,24.0,,,278.0,681.0,,,,,,,1416.0,10.7,52.0,18.0,30.0,6.0,80000.0,0.2,15.0,5.4,11.2,5.0,"Barite,2 Duovis, 2 KCL, 9 Pac Ul.",,,,,95.0,305.0,95.0,352.0,,188.0,212.0,433.0,161.0,20.0,240.5,122.0,2.0,2.0,119.5,42.5,,0.5,,
Thar Jath # 11,ZPEB Rig 747,15 October,30.0,487.0,107.0,3.56,45.0,28-Sep-04,36.0,38.0,386.0,26.0,,17.0,8267.0,226613.0,"[{'md_m': 471.0, 'angle': '835/6'}, {'md_m': 479.0, 'angle': '833/4'}, {'md_m': 488.0, 'angle': '831/2'}]",T-1300,BPMP,12.0,5 2/16 IN.,T-1300,BPMP,12.0,5 8/16 IN.,T-800,BPMP,9.0,5 15/16 IN.,"R.I.H. TO 1416 m Drill ( slide & rotate ) 12 1/4"" directional hole from 1416m to 1496m. (Survey 04 04 09",['tight_hole'],True,"to pass 1.00 1.50 0.50 3 pick up kelly ream and wash f / 1401m to 1416m, 1.50 24.00",51000.0,30_TharJath_11.json,80.0,,,,24.0,,,278.0,705.0,,,,,,,1496.0,10.7,50.0,16.0,28.0,6.0,80000.0,0.2,15.0,5.7,11.15,2.0,"Barite,4 Duovis, 2 KCL, 6 Pac Ul,",,,,,95.0,305.0,95.0,352.0,,188.0,208.0,419.0,153.0,22.5,263.0,124.0,1.0,0.5,120.5,43.0,,0.5,22000.0,
Thar Jath # 11,ZPEB Rig 747,16 October,31.0,488.0,107.0,0.76,45.0,28-Sep-04,36.0,38.0,386.0,26.0,,19.0,2520.0,229133.0,"[{'md_m': 471.0, 'angle': '835/6'}, {'md_m': 479.0, 'angle': '833/4'}, {'md_m': 488.0, 'angle': '831/2'}]",T-1300,BPMP,12.0,5 2/16 IN.,T-1300,BPMP,12.0,5 8/16 IN.,T-800,BPMP,9.0,5 15/16 IN.,"Drill (slide &rotate) 12 1/4"" directional hole from 1496 to casing point at 1513m. Trip to 386m, 04 04 09",['tight_hole'],True,12.00 3.50 6 p.o.o.h. to 386m. average overpull 20klbs - max at 1092m to 1088m 76klbs.,47000.0,31_TharJath_11.json,17.0,,,,24.0,,,278.0,705.0,,,,,,,1513.0,10.7,55.0,18.0,28.0,6.0,80000.0,0.1,15.0,6.0,11.1,2.0,Barite.,,,,,95.0,305.0,95.0,352.0,,188.0,208.0,419.0,153.0,22.5,263.0,124.0,1.0,0.5,120.5,43.0,,0.5,,
Thar Jath # 11,ZPEB Rig 747,17 October,32.0,489.0,107.0,,45.0,28-Sep-04,36.0,58.0,1513.0,26.0,,20.0,3810.0,232943.0,"[{'md_m': 479.0, 'angle': '833/4'}, {'md_m': 488.0, 'angle': '831/2'}, {'md_m': 513.0, 'angle': '831/2'}]",T-1300,BPMP,12.0,5 2/16 IN.,T-1300,BPMP,12.0,5 8/16 IN.,T-800,BPMP,9.0,5 15/16 IN.,"Recover wear bushing, rig up and run 9 5/8"" casing to 1513m. Circulate, rig up Dowell and 04 04 09",['cementing_issue'],True,"12 drop bottom plug and make up dowell cement head and lines 19.50 20.00 0.50 12 pump | mix and pump 325 bbls of 12.5 ppg. lead cement slurry. 21.50 22.00 0.50 12 mix and pum | ed 74 % excess hole volume, 80 % excess cement used. daily  recover wear bushing, rig | e, rig up dowell and 04 04 09  dry hole cement casing, displace and pump plug 1500 psi | 22.00 23.00 1.00 12 drop top plugs and displace with 375 bbls water, bump plug 1500 psi",44000.0,32_TharJath_11.json,,,,22.0,24.0,,,300.0,753.0,,,,,,,1513.0,10.7,53.0,18.0,26.0,6.2,80000.0,0.2,15.0,6.2,11.1,5.0,"Barite, 1 Bentonite.",,,,,,,,,,,,,,,267.5,,,2.0,133.5,51.5,,0.5,,
Thar Jath # 11,ZPEB Rig 747,18 October,33.0,490.0,107.0,,45.0,18-Oct-04,36.0,58.0,1513.0,26.0,,,1080.0,234024.0,[],T-1300,BPMP,12.0,6 5/16 IN.,T-1300,BPMP,12.0,6 5/16 IN.,T-800,BPMP,9.0,5 15/16 IN.,"Continue on B.O.P.s set slips , Rough cut and final cut casing Nipple up B- Section energize, 04 04 09","['equipment_failure', 'cementing_issue']",True,"rgize, 04 04 09  dry hole pressure test leak. remove b-section change seals, re nipp | and raise b.o.p. to set slips, lay out cementing equiptment 2.00 6.00 4.00 14 set sli",33000.0,33_TharJath_11.json,,,,24.0,24.0,,,324.0,777.0,,,HTC - MXB-,,,,1513.0,8.33,,,,,4000.0,,,,7.0,,,,,,,,,,,,,,,,,267.5,,,,133.5,51.5,,0.5,,
Thar Jath # 11,ZPEB Rig 747,19 October,34.0,491.0,108.0,0.0,46.0,18-Oct-04,36.0,58.0,1513.0,26.0,,6.0,32383.0,266406.0,[],T-1300,BPMP,12.0,6 5/16 IN.,T-1300,BPMP,12.0,6 5/16 IN.,T-800,BPMP,9.0,5 15/16 IN.,"Continue with pressure test. R.I.H. tag cement at 1486m, drill cement, float and shoe , sweep hi- 04 04 09",['cementing_issue'],True,"0 6 make up bit and r.i.h. to 1486m tag cement 8.50 10.00 1.50 3 pick up kelly and dri | 50 10.00 1.50 3 pick up kelly and drill cement and float collar to 1513m 10.00 11.00 1 | 1.00 5 pump 50 bbls of hi-vis sweep and cement out of hole 11.00 15.00 4.00 6 lay out | continue with pressure test. r.i.h. tag cement at 1486m, drill cement, float and shoe | test. r.i.h. tag cement at 1486m, drill cement, float and shoe , sweep hi- 04 04 09  d",32000.0,34_TharJath_11.json,1513.0,,,3.0,24.0,,,327.0,801.0,812.0,,HTC - MXB-,3X16,4-1-7,,1513.0,9.8,45.0,8.0,19.0,4.2,81000.0,,8.7,,9.5,2.0,"Caustic, 2 Duovis, 18 KCL, 6 Soda",,1.0,6,65.0,,,,,,,,,,,267.5,,18.0,3.0,151.5,54.5,,0.5,,
Thar Jath # 11,ZPEB Rig 747,20 October,35.0,492.0,107.0,7.83,45.0,18-Oct-04,36.0,58.0,1513.0,26.0,,12.0,21492.0,287898.0,"[{'md_m': 655.0, 'angle': '883/5'}, {'md_m': 664.0, 'angle': '893/5'}, {'md_m': 674.0, 'angle': '90'}]",T-1300,BPMP,12.0,6 5/16 IN.,T-1300,BPMP,12.0,6 5/16 IN.,T-800,BPMP,9.0,5 15/16 IN.,Displace to Flo Pro mud. Drill directional hole/horizontal hole to 1697. Forward operation : Drill 04 04 09,['cementing_issue'],True,ime time hours code remarks 0.50 0.50 5 displace hole with flo pro nt mud. 0.50 24.00 23 | irectional hole from 1513m-1697m daily  displace to flo pro mud. drill directional hole/,29000.0,35_TharJath_11.json,184.0,,,,24.0,,,327.0,825.0,812.0,,HTC - MXB-,3X16,4-1-7,,1697.0,9.9,48.0,13.0,27.0,3.2,84000.0,0.25,11.5,2.5,10.0,1.0,"Caustic, 2 Medium CaCo3,9 KCL,1",,1.0,6,65.0,102.0,495.0,,,,,,,,23.5,291.0,,,0.5,151.5,55.0,,0.5,,1831.0
Thar Jath # 11,ZPEB Rig 747,21 October,36.0,493.0,107.0,7.61,45.0,18-Oct-04,36.0,58.0,1513.0,26.0,,12.0,5973.0,233871.0,"[{'md_m': 818.0, 'angle': '932/5'}, {'md_m': 827.0, 'angle': '93'}, {'md_m': 837.0, 'angle': '932/5'}]",T-1300,BPMP,12.0,6 5/16 IN.,T-1300,BPMP,12.0,6 5/16 IN.,T-800,BPMP,9.0,5 15/16 IN.,"Drill directional hole/horizontal hole to 1776m. Wiper trip to shoe, hole good. Continue to drill 04 04 09",['no_anomaly'],False,,26000.0,36_TharJath_11.json,156.0,,,,24.0,,,327.0,849.0,812.0,,HTC - MXB-,3X16,4-1-7,,1853.0,9.9,45.0,14.0,29.0,3.6,84000.0,0.2,11.5,3.0,9.5,2.0,"KCL, 6 XCD Polymer, 3 Starcarb,",,1.0,6,65.0,,,106.0,515.0,2109.0,453.0,259.0,507.0,167.0,20.5,311.5,250.0,1.5,2.0,153.0,57.0,,0.5,,
Thar Jath # 11,ZPEB Rig 747,22 October,37.0,494.0,107.0,7.63,45.0,18-Oct-04,36.0,58.0,1513.0,26.0,,12.0,12003.0,245873.0,"[{'md_m': 818.0, 'angle': '932/5'}, {'md_m': 827.0, 'angle': '93'}, {'md_m': 837.0, 'angle': '932/5'}]",T-1300,BPMP,12.0,6 5/16 IN.,T-1300,BPMP,12.0,6 5/16 IN.,T-800,BPMP,9.0,5 15/16 IN.,Drill directional hole/horizontal hole to 1975m. T.D. Wiper trip to shoe. Circulate hole clean with lo- 04 04 09,['tight_hole'],True,"er trip to shoe, rih to 1961m (constant drag while rih) 20.00 20.50 0.50 3 pick up k | r trip to shoe, hole good, rih (minimal drag) daily  drill directional hole/horizont",23000.0,37_TharJath_11.json,122.0,,,,24.0,,,327.0,873.0,812.0,,HTC - MXB-,3X16,4-1-7,,1975.0,10.1,47.0,14.0,30.0,3.4,85000.0,0.2,12.5,3.5,9.5,7.0,"KCL, 6 XCD Polymer, 3 Starcarb,",,1.0,6,65.0,,,106.0,515.0,2109.0,453.0,259.0,507.0,167.0,16.0,327.5,250.0,4.5,3.5,157.5,60.5,,0.5,,
Thar Jath # 11,ZPEB Rig 747,23 October,38.0,495.0,120.0,,54.0,18-Oct-04,40.0,58.0,1513.0,26.0,,9.0,2200.0,248073.0,[],T-1300,BPMP,12.0,6 5/16 IN.,T-1300,BPMP,12.0,6 5/16 IN.,T-800,BPMP,9.0,5 15/16 IN.,Preform second wiper trip to clean up hole. POOH to lay down steering assembly. RIH with 9 04 04 09,['no_anomaly'],False,,19000.0,38_TharJath_11.json,,,,,24.0,,,327.0,897.0,812.0,6027963,HTC/MXC1,4x15 1975 m,4-3-1/8,,1975.0,10.1,45.0,13.0,26.0,3.4,85000.0,0.2,12.5,3.5,9.4,2.0,CaCO3 medium.,466.0,60.0,22,,,,106.0,515.0,1200.0,453.0,259.0,507.0,167.0,,327.5,250.0,20.5,3.5,178.0,64.0,,0.5,,
Thar Jath # 11,ZPEB Rig 747,24 October,39.0,496.0,120.0,,54.0,18-Oct-04,40.0,58.0,1513.0,26.0,,45.0,13043.0,261116.0,[],T-1300,BPMP,12.0,6 5/16 IN.,T-1300,BPMP,12.0,6 5/16 IN.,T-800,BPMP,9.0,5 15/16 IN.,Circ hi-vis. Spot solid free Flo-Pro over open hole POOH to shoe and wait on completion tools. 04 04 09,['no_anomaly'],False,,17000.0,39_TharJath_11.json,,,,10.5,24.0,,,337.5,921.0,812.0,6027963,HTC/MXC1,4x15 1975 m,4-3-1/8,,1975.0,9.9,38.0,6.0,17.0,5.8,112000.0,0.1,11.25,1.8,8.6,1.0,"CaCO3, 2 Caustic, 5 Duovis, 4",466.0,60.0,22,,,,106.0,515.0,1200.0,453.0,259.0,507.0,167.0,,327.5,250.0,4.5,9.0,182.5,73.0,,0.5,,
Thar Jath # 11,ZPEB Rig 747,25 October,40.0,497.0,120.0,,54.0,18-Oct-04,40.0,58.0,1513.0,26.0,,45.0,3425.0,264541.0,[],T-1300,BPMP,12.0,6 5/16 IN.,T-1300,BPMP,12.0,6 5/16 IN.,T-800,BPMP,9.0,5 15/16 IN.,POOH to shoe and wait on completion tools. RIH to bottom & circ & condition mud. POOH to 04 04 09,['no_anomaly'],False,,15000.0,40_TharJath_11.json,,,,16.5,24.0,,,354.0,945.0,812.0,6027963,HTC/MXC1,4x15 1975 m,4-3-1/8,,1975.0,9.9,39.0,6.0,18.0,5.0,113000.0,0.1,11.25,1.8,9.0,3.0,"CaCO3, 2 Caustic, 2 Duovis,",466.0,60.0,22,,,,106.0,515.0,1200.0,453.0,259.0,507.0,167.0,,327.5,250.0,5.5,2.0,188.0,75.0,,0.5,,
Thar Jath # 11,ZPEB Rig 747,26 October,41.0,498.0,125.0,,58.0,18-Oct-04,41.0,58.0,1513.0,26.0,,46.0,2847.0,267388.0,[],T-1300,BPMP,12.0,6 5/16 IN.,T-1300,BPMP,12.0,6 5/16 IN.,T-800,BPMP,9.0,5 15/16 IN.,POOH to shoe and wait on completion tools. RIH to bottom & circ & condition mud. POOH to 04 04 09,['no_anomaly'],False,,14000.0,41_TharJath_11.json,,,,19.0,24.0,,,373.0,969.0,812.0,6027963,HTC/MXC1,4x15 1975 m,4-3-1/8,,1975.0,9.9,40.0,6.0,19.0,5.0,111000.0,0.1,11.25,1.8,9.2,3.0,"CaCO3, 3 Caustic,",466.0,60.0,22,,,,106.0,515.0,1200.0,453.0,259.0,507.0,167.0,,327.5,250.0,3.5,1.5,191.5,76.5,,0.5,,
Thar Jath # 11,ZPEB Rig 747,27 October,42.0,499.0,124.0,,57.0,18-Oct-04,41.0,58.0,1513.0,26.0,,,30578.0,297966.0,[],T-1300,BPMP,12.0,6 5/16 IN.,T-1300,BPMP,12.0,6 5/16 IN.,T-800,BPMP,9.0,5 15/16 IN.,POOH to shoe and wait on completion tools. RIH to bottom & circ & condition mud. POOH to 04 04 09,['no_anomaly'],False,,13000.0,42_TharJath_11.json,,,,4.5,24.0,,,377.5,993.0,812.0,6027963,HTC/MXC1,4x15 1975 m,4-3-1/8,,1975.0,9.7,,,,,,,,,,2.0,"Caustic, 12 Douvis, 53 KCl, 6 NaCl,",,,,,,,,,,,,,,,327.5,,11.5,8.0,203.0,84.5,,0.5,,
Thar Jath # 11,ZPEB Rig 747,28 October,43.0,500.0,124.0,,57.0,18-Oct-04,41.0,58.0,1513.0,26.0,,,1080.0,299046.0,[],T-1300,BPMP,12.0,6 5/16 IN.,T-1300,BPMP,12.0,6 5/16 IN.,T-800,BPMP,9.0,5 15/16 IN.,"RIH with screens & completion assembly on 5"" drill pipe rabbiting same. Forward operation : RIH 04 04 09",['cementing_issue'],True,eens & hang same. 06:00 packer @ depth. displace open hole to breaker pill.,12000.0,43_TharJath_11.json,,,,1.0,24.0,,,378.5,1017.0,812.0,6027963,HTC/MXC1,4x15 1975 m,4-3-1/8,,1975.0,9.7,,,,,,,,,,,,,,,,,,,,,,,,,,327.5,,23.0,,226.0,84.5,,0.5,,
Thar Jath # 11,ZPEB Rig 747,29 October,44.0,501.0,124.0,,57.0,18-Oct-04,41.0,58.0,1513.0,26.0,,,1080.0,299046.0,[],T-1300,BPMP,12.0,6 5/16 IN.,T-1300,BPMP,12.0,6 5/16 IN.,T-800,BPMP,9.0,5 15/16 IN.,"RIH with screens & completion assembly on 5"" drill pipe rabbiting same. Hang screens, displace 04 04 09",['cementing_issue'],True,"6.50 3.00 5 pump 150bbls pill breaker & displace with 9.7ppg brine 6.50 9.50 3.00 22 dro | rill pipe rabbiting same. hang screens, displace 04 04 09  dry hole open hole to breaker",9000.0,44_TharJath_11.json,,,,4.0,24.0,,,382.5,1041.0,812.0,6027963,HTC/MXC1,4x15 1975 m,4-3-1/8,,1975.0,9.7,,,,,,,,,,,,,,,,,,,,,,,,,,327.5,,17.0,3.0,243.0,87.5,,0.5,,
