field,populated,total,coverage_pct
anomalies,44,44,100.0
has_anomaly,44,44,100.0
pob_total,43,44,97.7
days_without_lta,43,44,97.7
pob_staff,43,44,97.7
deepest_casing_depth_m,43,44,97.7
deepest_casing_size_in,43,44,97.7
pob_expat,43,44,97.7
report_no,43,44,97.7
pump3_make,43,44,97.7
pob_non_staff,43,44,97.7
pump1_stroke_in,43,44,97.7
pump1_make,43,44,97.7
pump2_make,43,44,97.7
pump2_liner_in,43,44,97.7
pump2_model,43,44,97.7
pump1_liner_in,43,44,97.7
pump3_liner_in,43,44,97.7
pump3_model,43,44,97.7
pump3_stroke_in,43,44,97.7
pump2_stroke_in,43,44,97.7
fuel_balance_l,43,44,97.7
pump1_model,43,44,97.7
time_total_cumm_hrs,42,44,95.5
time_total_daily_hrs,42,44,95.5
time_others_cumm_hrs,42,44,95.5
gels,39,44,88.6
mud_cost_cumulative_usd,37,44,84.1
mud_cost_daily_usd,37,44,84.1
time_drilling_cumm_hrs,37,44,84.1
mud_weight_ppg,37,44,84.1
time_trips_cumm_hrs,36,44,81.8
time_circ_ream_cumm_hrs,36,44,81.8
depth_m,35,44,79.5
ph,34,44,77.3
chlorides_ppm,34,44,77.3
time_rig_repairs_cumm_hrs,34,44,77.3
api_wl,33,44,75.0
yield_point,33,44,75.0
plastic_viscosity,33,44,75.0
funnel_viscosity_s,33,44,75.0
oil_water_ratio,33,44,75.0
solids_pct,33,44,75.0
mbt,32,44,72.7
sand_pct,32,44,72.7
time_trips_daily_hrs,30,44,68.2
time_circ_ream_daily_hrs,30,44,68.2
nozzle_velocity_fps,27,44,61.4
time_others_daily_hrs,27,44,61.4
pump2_spm,27,44,61.4
hydraulic_hp,27,44,61.4
bit_pressure_drop_psi,27,44,61.4
annular_velocity_dc_ftmin,27,44,61.4
pump2_gpm,27,44,61.4
avg_pen_rate_mhr,26,44,59.1
footage_m,26,44,59.1
annular_velocity_dp_ftmin,26,44,59.1
time_drilling_daily_hrs,22,44,50.0
pump1_spm,22,44,50.0
pump1_gpm,22,44,50.0
pump2_pressure_psi,21,44,47.7
bit_size_in,20,44,45.5
bit_footage_m,15,44,34.1
bit_depth_out_m,11,44,25.0
bit_rpm,11,44,25.0
fuel_received_l,3,44,6.8
time_rig_repairs_daily_hrs,1,44,2.3
pump1_pressure_psi,1,44,2.3
pump3_gpm,0,44,0.0
time_logging_daily_hrs,0,44,0.0
time_coring_dst_cumm_hrs,0,44,0.0
time_coring_dst_daily_hrs,0,44,0.0
time_logging_cumm_hrs,0,44,0.0
