well_id,filename,date,well_name,rig_name,date_raw,report_no,last_bop_test,pob_expat,pob_staff,last_kick_drill,pob_non_staff,days_without_lta,pob_total,pump1_make,pump1_model,pump1_stroke_in,pump1_kill_rate_psi,pump2_make,pump2_model,pump2_stroke_in,pump2_liner_in,pump3_make,pump3_model,pump3_stroke_in,annular_velocity_dp_ftmin,annular_velocity_dc_ftmin,nozzle_velocity_fps,time_drilling_daily_hrs,time_trips_daily_hrs,summary,anomalies,has_anomaly,anomaly_evidence,fuel_balance_l,used_ocr,text_quality,surveys_json,depth_m,footage_m,mud_weight_ppg,funnel_viscosity_s,plastic_viscosity,yield_point,gels,api_wl,chlorides_ppm,sand_pct,solids_pct,mud_cost_daily_usd,mud_cost_cumulative_usd,bit_size_in,bit_serial,bit_make_type,bit_jets,bit_depth_out_m,bit_footage_m,bit_weight_klbs,bit_rpm,bit_dull_code,pump1_liner_in,pump1_spm,pump1_pressure_psi,pump2_spm,pump3_liner_in,bit_pressure_drop_psi,time_drilling_cumm_hrs,time_trips_cumm_hrs,time_circ_ream_cumm_hrs,time_others_cumm_hrs,time_total_cumm_hrs,fuel_daily_l,fuel_cumulative_l,time_rig_repairs_daily_hrs,time_rig_repairs_cumm_hrs,pump3_spm,hydraulic_hp,pump2_kill_rate_psi,pump2_pressure_psi,fuel_received_l,time_logging_daily_hrs,time_others_daily_hrs,time_logging_cumm_hrs,deepest_casing_size_in,deepest_casing_depth_m
TharJath8,01_TharJath8_19_APRIL_2004.pdf,2004-04-19,Thar Jath - 08,ZPEB Rig 747,19 April 2004,1.0,22-Mar-04,53.0,7.0,55,55.0,308.0,115.0,T-1300 BPMP,BPMP,12.0,680.0,T-1300 BPMP,BPMP,12.0,6 2/3,T-1300 BPMP,BPMP,12.0,,,,7.0,7.0,"Rig down on Mala # 2, load out 5 trucks. Forward operation: Continue with rig move to Thar Jath 040406",['no_anomaly'],False,,30000.0,False,ok,[],,,,,,,,,,,,,,,,,,,,,,,,,,,,,,,,,,,,,,,,,,,,,,,
TharJath8,02_TharJath8_20_APRIL_2004.pdf,2004-04-20,Thar Jath - 08,ZPEB Rig 747,20 April 2004,2.0,22-Mar-04,53.0,7.0,56,56.0,309.0,116.0,T-1300 BPMP,BPMP,12.0,680.0,T-1300 BPMP,BPMP,12.0,6 2/3,T-1300 BPMP,BPMP,12.0,,,,7.0,7.0,"Road out 14 loads to Thar Jath # 8, lay matting, rig up sub base and draw works.Forward",['no_anomaly'],False,,29000.0,False,ok,[],,,,,,,,,,,,,,,,,,,,,,,,,,,,,,,,,,,,,,,,,,,,,,,
TharJath8,03_TharJath8_21_APRIL_2004.pdf,2004-04-21,Thar Jath - 08,ZPEB Rig 747,21 April 2004,3.0,22-Mar-04,50.0,7.0,61,61.0,310.0,118.0,T-1300 BPMP,BPMP,12.0,680.0,T-1300 BPMP,BPMP,12.0,6 2/3,T-1300 BPMP,BPMP,12.0,,,,7.0,7.0,"Road out 16 loads to Thar Jath # 8, lay matting, Spot mud pumps and power pack. Forward",['no_anomaly'],False,,28000.0,False,ok,[],,,,,,,,,,,,,,,,,,,,,,,,,,,,,,,,,,,,,,,,,,,,,,,
TharJath8,04_TharJath8_22_APRIL_2004.pdf,2004-04-22,Thar Jath - 08,ZPEB Rig 747,22 April 2004,4.0,22-Mar-04,51.0,7.0,61,61.0,311.0,119.0,T-1300 BPMP,BPMP,12.0,680.0,T-1300 BPMP,BPMP,12.0,6 2/3,T-1300 BPMP,BPMP,12.0,,,,7.0,7.0,"Road out 16 loads to Thar Jath # 8, Load out mud tanks,ware houses and tubulars. Pin mast 040406",['no_anomaly'],False,,26000.0,False,ok,[],,,,,,,,,,,,,,,,,,,,,,,,,,,,,,,,,,,,,,,,,,,,,,,
TharJath8,05_TharJath8_23_APRIL_2004.pdf,2004-04-23,Thar Jath - 08,ZPEB Rig 747,23 April 2004,5.0,22-Mar-04,51.0,7.0,61,61.0,312.0,119.0,T-1300 BPMP,BPMP,12.0,680.0,T-1300 BPMP,BPMP,12.0,6 2/3,T-1300 BPMP,BPMP,12.0,,,,7.0,7.0,Load out Dowel equiptment and mud materials. Raise mast and continue with rig up. 040406,['no_anomaly'],False,,26000.0,False,ok,[],,,,,,,,,,,,,,,,,,,,,,,,,,,,,,,,,,,,,,,,,,,,,,,
TharJath8,06_TharJath8_24_APRIL_2004.pdf,2004-04-24,Thar Jath - 08,ZPEB Rig 747,24 April 2004,6.0,22-Mar-04,51.0,7.0,61,61.0,313.0,119.0,T-1300 BPMP,BPMP,12.0,680.0,T-1300 BPMP,BPMP,12.0,6 2/3,T-1300 BPMP,BPMP,12.0,,,,7.0,7.0,"Load out on site camp and rig up same. Pick up kelly and drill rodent holes, continue with rig up 040406",['no_anomaly'],False,,24000.0,False,ok,[],,,,,,,,,,,,,,,,,,,,,,,,,,,,,,,,,,,,,,,,,,,,,,,
TharJath8,07_TharJath8_25_APRIL_2004.pdf,2004-04-25,Thar Jath - 08,ZPEB Rig 747,25 April 2004,7.0,22-Mar-04,52.0,7.0,61,61.0,314.0,120.0,T-1300 BPMP,BPMP,12.0,680.0,T-1300 BPMP,BPMP,12.0,6 2/3,T-1300 BPMP,BPMP,12.0,,,,7.0,7.0,"Load out Main camp and rig up same.Make up 17 1/2 "" bit prepare to spud 040406",['no_anomaly'],False,,23000.0,False,ok,[],,,,,,,,,,,,,,,,,,,,,,,,,,,,,,,,,,,,,,,,,,,,,,,
TharJath8,08_TharJath8_26_APRIL_2004.pdf,2004-04-26,Thar Jath - 08,DAILY DRILLING REPORT RIG NAME ZPEB Rig 747,26 April 2004,8.0,22-Mar-04,39.0,2.0,56,56.0,315.0,97.0,T-1300 BPMP,BPMP,12.0,,T-1300 BPMP,BPMP,12.0,6,F- 800,,9.0,,,,6.0,6.0,"Spud Thar Jath # 8 @ 06.00 hrs on the 26 April 04. Drill f/o m to 14 m,bit balling progress very 040406 g",['no_anomaly'],False,,,False,ok,[],150.0,150.0,9.9,45.0,17.0,25.0,10.0,4.8,58000.0,0.2,5.12,4.0,4400.0,1712.0,P41929,REED Y-11-C,3X22-1X16,,150.0,10,130.0,1-1-1,6,107.0,800.0,107.0,6,428.0,14.0,3.0,0.5,0.5,18.0,5000.0,8000.0,,,,,,,,,,,,
TharJath8,09_TharJath8_27_APRIL_2004.pdf,2004-04-27,Thar Jath - 08,DAILY DRILLING REPORT RIG NAME ZPEB Rig 747,27 April 2004,9.0,22-Mar-04,41.0,2.0,68,68.0,316.0,111.0,T-1300 BPMP,BPMP,12.0,,T-1300 BPMP,BPMP,12.0,6,F- 800,,9.0,,,,0.5,0.5,"Drill ahead to 156m, gumbo pluged up lines clean out. Drill ahead to 268m,flow line ,header box 040406 g","['lost_circulation', 'tight_hole', 'cementing_issue']",True,"ed flow line ,conductor and header box, unable to circulate. 11.00 16.00 5.00 6 p.o.o.h.wiper trip | 040406 g dry hole plugged off (gumbo ) unable to circulate, p.o.o.h for wiper trip, clean out all | iper trip and unplug lines ect. 45 klbs over pull, circ to free and clean out clay most s | unable to pass 136m. 18.50 19.50 1.00 3 ream f / 136m to 156m 19.50 20.50 1.00 6 r.i | r.i.h. 246m 20.50 21.50 1.00 3 wash and ream f / 246m to 268m 21.50 24.00 2.50 2 dri",,False,ok,"[{""md_m"": 143.0, ""angle"": ""1/2""}]",295.0,145.0,10.2,50.0,19.0,28.0,10.0,4.6,65000.0,0.3,6.48,4.0,1283.0,1712.0,P41929,REED Y-11-C,3X22-1X16,,295.0,25,130.0,1-1-1,6,107.0,1200.0,107.0,6,428.0,24.5,11.5,2.5,2.5,42.0,2000.0,,150.0,1.0,,,,,,,,,,
TharJath8,10_TharJath8_28_APRIL_2004.pdf,2004-04-28,Thar Jath - 08,DAILY DRILLING REPORT RIG NAME ZPEB Rig 747,28 April 2004,10.0,22-Mar-04,46.0,7.0,67,67.0,317.0,120.0,T-1300 BPMP,BPMP,12.0,,T-1300 BPMP,BPMP,12.0,6,F- 800,,9.0,,,,2.5,2.5,"Drill ahead to 305m, survey 1/2 Deg. Drill ahead to 394 m Forward operation : Drill ahead to 040406 g",['no_anomaly'],False,,,False,ok,"[{""md_m"": 292.0, ""angle"": ""1/2""}]",394.0,99.0,10.4,46.0,15.0,27.0,17.0,6.2,76000.0,0.2,7.32,5.0,8731.0,1712.0,P41929,REED Y-11-C,3X22-1X16,,394.0,32,130.0,1-1-1,6,,1350.0,107.0,6,400.0,48.0,11.5,2.5,3.0,66.0,2000.0,,295.0,1.0,130.0,,,,,,,,,
TharJath8,11_TharJath8_29_APRIL_2004.pdf,2004-04-29,Thar Jath - 08,DAILY DRILLING REPORT RIG NAME ZPEB Rig 747,29 April,11.0,22-Mar-04,45.0,2.0,67,67.0,318.0,114.0,T-1300 BPMP,T-1300 BPMP,12.0,,T-1300 BPMP,T-1300 BPMP,12.0,6,F- 800,F- 800,9.0,,,,,5.0,"Drill ahead to 400m, survey, drill to 402m. P.O.O.H. balled bit slow penetration.Change bit and R.I.H. to 402m . Drill ahead f/ 402m to 433m. Forward operation : Drill ahead to casing 040406",['tight_hole'],True,"m to 402m 6.50 7.50 1.00 6 p.o.o.h. max overpull 75kbls, 369m to 340m 7.50 8.00 0.50 5 p | 00 16.50 3.50 6 r.i.h. to 402m wash and ream f/ 312m to 325m and f/ 368m to 402m 16.",8000.0,False,ok,"[{""md_m"": 292.0, ""angle"": ""1/2""}, {""md_m"": 387.0, ""angle"": ""1/4""}]",433.0,39.0,10.6,45.0,16.0,28.0,18.0,6.8,89000.0,0.3,7.51,1.0,67734.0,1712.0,6022494,H.C-MX-1,3X22-1X16,,29.0,26,139.0,1-1-5,6,107.0,1350.0,107.0,6,459.0,61.5,19.0,3.0,3.5,90.0,,,,3.0,,241.0,,,,,,,,
TharJath8,12_TharJath8_30_APRIL_2004.pdf,2004-04-30,Thar Jath - 08,ZPEB Rig 747,30 April,12.0,22-Mar-04,45.0,2.0,67,67.0,319.0,114.0,T-1300 BPMP,BPMP,12.0,,T-1300 BPMP,BPMP,12.0,6,F- 800,,9.0,,,211.0,4.5,4.5,"Drill ahead to 555m, circulate, drill ahead f/ 555m to 617.50 m, circulating samples. Forward operation : Circulate hole clean ,run 040406",['lost_circulation'],True,"9.50 2 drill f/ 448m to 526 m pressure loss 500 p.s.i., 15.00 16.00 1.00 21 investi | 5.00 16.00 1.00 21 investigate pressure loss clean out suction screens 16.00 16.50 0",47000.0,False,ok,[],617.0,184.0,10.3,50.0,18.0,30.0,19.0,7.2,91000.0,0.2,6.1,1.0,6565.0,1712.0,6022494,H.C-MX-1,3X22-1X16,,215.0,26,139.0,1-1-5,6,107.0,1350.0,107.0,6,459.0,82.0,19.0,4.5,4.5,114.0,,,,4.0,,241.0,,,,,,,,
TharJath8,13_TharJath8_01_MAY_2004.pdf,2004-05-01,Thar Jath - 08,ZPEB Rig 747,1 May,13.0,22-Mar-04,44.0,2.0,71,71.0,320.0,117.0,T-1300 BPMP,BPMP,12.0,,T-1300 BPMP,BPMP,12.0,6,F- 800,,9.0,,,,1.5,1.5,"Circulate up samples, wiper trip and P.O.O.H to run 13 3/8 "" casing, rig up and run same. Forward 040406","['tight_hole', 'cementing_issue']",True,".00 5.50 3.50 6 p.o.o.h. wiper trip, 30 over pull 395m to 375 m, 5.50 7.50 2.00 6 r.i.h. | e. forward 040406  dry hole operation : cement casing, remove conductor and nipple up",43000.0,False,ok,[],617.0,184.0,10.6,46.0,17.0,28.0,16.0,6.0,88000.0,0.3,7.23,6.0,95234.0,1712.0,6022494,H.C-MX-1,3X22-1X16,617.0,215.0,26,139.0,1-1-5,6,107.0,1350.0,107.0,6,459.0,82.0,29.0,8.0,15.0,138.0,,,,4.0,,241.0,,,,,,,,
TharJath8,14_TharJath8_02_MAY_2004.pdf,2004-05-02,Thar Jath - 08,ZPEB Rig 747,2 May,14.0,22-Mar-04,42.0,2.0,64,64.0,321.0,108.0,T-1300 BPMP,BPMP,12.0,,T-1300 BPMP,BPMP,12.0,6,F- 800,,9.0,,,211.0,1.5,1.5,"Circulate casing,cement and displace pump plug 1800 psi. W.O.C. cut casing remove and weld on well head. Forward operation : 040406","['equipment_failure', 'cementing_issue']",True,"d, allow to cool attempt pressure test, leak . 18.00 21.00 3.00 21 grind back inside | , reheat and reweld,allow to cool test, leak 21.00 24.00 3.00 21 grind back inside w | , reheat and reweld,allow to cool test, leak daily  circulate casing,cement and disp | culate casing 1.50 2.00 0.50 12 make up cement head and dowell schlum. lines 2.00 2.50 | . hold 10 minutes 1/2 bbl bleed back. ( cement returns to surface. ) 5.00 11.50 6.50 2",40000.0,False,ok,[],617.0,184.0,10.6,48.0,16.0,30.0,17.0,6.5,87000.0,0.3,6.13,9.0,6854.0,1712.0,6022494,H.C-MX-1,3X22-1X16,617.0,215.0,26,139.0,1-1-5,6,107.0,1350.0,107.0,6,459.0,82.0,29.0,9.5,37.5,162.0,,,,4.0,,241.0,,,,,,,,
TharJath8,15_TharJath8_03_MAY_2004.pdf,2004-05-03,Thar Jath - 08,ZPEB Rig 747,3 May,15.0,3-May-04,42.0,2.0,65,65.0,322.0,109.0,T-1300 BPMP,BPMP,12.0,,T-1300 BPMP,BPMP,12.0,6,F- 800,,9.0,,,,3.0,3.0,"Weld on well head, Nipple up B.O.P.s pressure test same. Make up 12 1/4 "" P.D.C. and R.I.H. tag cement 040406","['equipment_failure', 'cementing_issue']",True,"1 reweld well head ,allow to cool test, leak 3.00 6.00 3.00 21 grind out reweld, all | up p.d.c. and new b.h.a and r.i.h. tag cement @ 590m 21.00 23.50 2.50 3 drill out flo | 00 23.50 2.50 3 drill out float collar, cement and shoe. 23.50 24.00 0.50 2 drill new | make up 12 1/4 "" p.d.c. and r.i.h. tag cement 040406  dry hole @ 590m, drill out and | ent @ 590m 21.00 23.50 2.50 3 drill out float collar, cement and shoe. 23.50 24.00 0.50 2 dr",36000.0,False,ok,[],664.0,47.0,10.1,45.0,16.0,30.0,13.0,6.2,84000.0,0.15,5.22,1.0,3515.0,1214.0,7202513,H.C.606,6 X 15,,2.0,10,85.0,P.D.C.,6,91.0,1150.0,91.0,6,552.0,82.5,34.0,12.0,53.5,186.0,,,,4.0,,257.0,,,,,,,,
TharJath8,16_TharJath8_04_MAY_2004.pdf,2004-05-04,Thar Jath - 08,ZPEB Rig 747,4 May,16.0,3-May-04,43.0,2.0,4-May-04,65.0,323.0,110.0,T-1300 BPMP,BPMP,12.0,140.0,T-1300 BPMP,BPMP,12.0,6,F- 800,,9.0,,,,1.0,1.0,"Circulate and displace to mud, preform f.i.t. eqv.14 ppg. 410 psi. Drill ahead f/ 619m to 870m Forward 040406","['well_kick', 'cementing_issue']",True,".00 2 drill ahead f/ 619m to 762m, hold kick drill 16.50 17.00 0.50 10 circulate and | code remarks 1.00 1.00 5 circulate and displace to mud 1.00 1.50 0.50 21 perform f.i.t. | ad f/ 762m to 870m daily  circulate and displace to mud, preform f.i.t. eqv.14 ppg. 410",30000.0,False,ok,[],870.0,251.0,10.2,45.0,17.0,25.0,10.0,5.1,82000.0,0.2,5.7,1.0,16999.0,1214.0,7202513,H.C.606,6 X 15,,253.0,10,135.0,P.D.C.,6,108.0,1650.0,,6,762.0,104.5,34.0,13.0,54.5,210.0,,,,4.0,125.0,415.0,145.0,,,,,,,
TharJath8,17_TharJath8_05_MAY_2004.pdf,2004-05-05,Thar Jath - 08,ZPEB Rig 747,5 May,17.0,3-May-04,45.0,1.0,4-May-04,66.0,324.0,112.0,T-1300 BPMP,BPMP,12.0,140.0,T-1300 BPMP,BPMP,12.0,6,F- 800,,9.0,,,,1.5,1.5,"Drill 12¼"" hole to KOP taking wire line surveys. POOH to change BHA Forward operation : Drill ahead 040406",['no_anomaly'],False,,24000.0,False,ok,"[{""md_m"": 995.0, ""angle"": null}, {""md_m"": 85.0, ""angle"": null}]",1100.0,230.0,10.1,51.0,20.0,25.0,1014.0,4.5,78000.0,0.15,5.66,2.0,25552.0,1214.0,7202513,H.C.606,6 X 15,1100.0,493.0,10,135.0,P.D.C.,6,108.0,1800.0,,6,762.0,119.5,39.0,14.0,57.5,234.0,,,904.0,4.0,,415.0,145.0,,,,,,,
TharJath8,18_TharJath8_06_MAY_2004.pdf,2004-05-06,Thar Jath - 08,ZPEB Rig 747,6 May,18.0,3-May-04,47.0,1.0,4-May-04,66.0,325.0,114.0,T-1300 BPMP,BPMP,12.0,465.0,T-1300 BPMP,BPMP,12.0,6,F- 800,,9.0,,,209.0,2.5,2.5,"Drill ahead building angle to 24º @ 1450m TVD. Forward operation : Run RFT log, Run 9 5/8"" casing. 040406",['well_kick'],True,"81,000 ppm 9.50 10.00 0.50 21 pick up & flow check (ok) 10.00 24.00 14.00 2 cont' drill di",17000.0,False,ok,[],1253.0,153.0,10.1,51.0,22.0,30.0,1012.0,5.5,80000.0,0.3,5.16,3.0,34989.0,1214.0,6023054,HTC/MXC1,4x20,,153.0,20,197.0,"""1-1-7""",6,94.0,2284.0,94.0,6,355.0,136.0,44.0,15.0,59.0,258.0,,,,4.0,,189.0,465.0,2284.0,,,,,,
TharJath8,19_TharJath8_07_MAY_2004.pdf,2004-05-07,Thar Jath - 08,ZPEB Rig 747,7 May,19.0,3-May-04,45.0,1.0,4-May-04,66.0,326.0,112.0,T-1300 BPMP,BPMP,12.0,465.0,T-1300 BPMP,BPMP,12.0,6,F- 800,,9.0,,,209.0,23.5,23.5,"Wipe trip, Circ hole clean POOH to log. Forward operation : Run Pex & RFT log, Run 9 5/8"" casing. 040406",['no_anomaly'],False,,56000.0,False,ok,[],1466.0,213.0,10.2,51.0,20.0,30.0,1012.0,4.8,76000.0,0.25,5.89,4.0,39017.0,1214.0,6023054,HTC/MXC1,4x20,,366.0,20,197.0,"""1-1-7""",6,94.0,2200.0,94.0,6,355.0,159.5,44.0,15.5,59.0,282.0,,,,4.0,,189.0,465.0,2200.0,45000.0,,,,,
TharJath8,20_TharJath8_08_MAY_2004.pdf,2004-05-08,Thar Jath - 08,ZPEB Rig 747,8 May,20.0,3-May-04,45.0,1.0,4-May-04,66.0,327.0,112.0,T-1300 BPMP,BPMP,12.0,465.0,T-1300 BPMP,BPMP,12.0,6,F- 800,,9.0,,,,2.5,2.5,"POOH & run Pex log. Wipe trip prior to RFT. Forward operation : Run RFT log, Run 9 5/8"" casing. 040406","['well_kick', 'tight_hole']",True,"ime time hours code remarks 2.50 2.50 6 flow check, wiper trip to k.o.p. 1100m. max overpu | check, wiper trip to k.o.p. 1100m. max overpull @ 1193m-1188m, 25 ton 2.50 3.50 1.00 5",50000.0,False,ok,[],1466.0,,10.3,53.0,21.0,31.0,1013.0,5.0,75000.0,0.25,5.72,1.0,40881.0,12.25,6023054,HTC/MXC1,4x20,1466.0,,,195.0,"""1-1-7""",6,,,,6,355.0,159.5,58.5,16.5,59.0,306.0,,,,4.0,,189.0,465.0,,,1100.0,25.0,8.5,,
TharJath8,21_TharJath8_09_MAY_2004.pdf,2004-05-09,Thar Jath - 08,ZPEB Rig 747,9 May,21.0,3-May-04,45.0,1.0,4-May-04,61.0,328.0,107.0,T-1300 BPMP,BPMP,12.0,465.0,T-1300 BPMP,BPMP,12.0,6,F- 800,,9.0,,,,0.5,0.5,"Wipe trip prior to RFT. Rig up Sch & run RFT. Forward operation : Run RFT log, Run 9 5/8"" casing. 040406",['tight_hole'],True,e 3.50 9.50 6.00 6 pooh for logging (no drag) 9.50 10.00 0.50 11 rig up schlumberger,48000.0,False,ok,[],1466.0,,10.3,55.0,22.0,30.0,1013.0,4.8,75000.0,0.25,6.04,1.0,42441.0,12.25,6023054,HTC/MXC1,4x20,1466.0,,,195.0,"""1-1-7""",6,,,,6,355.0,159.5,64.5,20.5,59.0,330.0,,,,4.0,,189.0,465.0,,,,,22.5,,
TharJath8,22_TharJath8_10_MAY_2004.pdf,2004-05-10,Thar Jath - 08,ZPEB Rig 747,10 May,22.0,3-May-04,45.0,1.0,4-May-04,61.0,329.0,107.0,T-1300 BPMP,BPMP,12.0,465.0,T-1300 BPMP,BPMP,12.0,6,F- 800,,9.0,,,,6.5,6.5,"Run RFT log, tools stuck at 1244m. Prepare fishing tools and strip over wire line. Engage fish, POOH with same. Forward 040406",['stuck_pipe'],True,"1.50 11 attempt retrieve rft tool. tool stuck @ 1244m 8.00 10.50 2.50 11 wait on fish | ger wire line daily  run rft log, tools stuck at 1244m. prepare fishing tools and str",49000.0,False,ok,[],1466.0,,10.3,55.0,22.0,30.0,1013.0,4.8,75000.0,0.25,6.04,1.0,43521.0,12.25,6023054,HTC/MXC1,4x20,1466.0,,,195.0,"""1-1-7""",6,,,,6,,159.5,73.0,20.5,64.0,354.0,,,,4.0,,,465.0,,,,,33.0,,
TharJath8,23_TharJath8_11_MAY_2004.pdf,2004-05-11,Thar Jath - 08,ZPEB Rig 747,11 May,23.0,3-May-04,45.0,2.0,4-May-04,63.0,330.0,110.0,T-1300 BPMP,BPMP,12.0,465.0,T-1300 BPMP,BPMP,12.0,6,F- 800,,9.0,,,,4.5,4.5,"POOH with fish, recover samples, lay out RFT tools. RIH for wiper trip. Circulate hi-vis, lo-vis, POOH to 040406",['tight_hole'],True,"ll on trip) 13.00 19.50 6.50 6 pooh, no drag, lay down 12¼"" bit & steering assembly",45000.0,False,ok,[],1466.0,,10.3,55.0,22.0,30.0,1013.0,4.8,75000.0,0.25,6.04,2.0,45725.0,12.25,6023054,HTC/MXC1,4x20,1466.0,,,165.0,"""1-1-7""",6,,,,6,,159.5,89.5,22.5,68.5,378.0,,,,4.0,,,465.0,,,,,34.0,,
TharJath8,24_TharJath8_12_MAY_2004.pdf,2004-05-12,Thar Jath - 08,ZPEB Rig 747,12 May,24.0,3-May-04,45.0,2.0,4-May-04,63.0,331.0,110.0,T-1300 BPMP,BPMP,12.0,,T-1300 BPMP,BPMP,12.0,6,F- 800,,9.0,,,,6.0,6.0,"Cont' RIH with 9 5/8"" casing filling every third joint to bottom. Cement same. Pick up BOP and install 9 5/8"" slips. Nipple up ""B"" 040406",['cementing_issue'],True,"0 12 rig down circulating head & rig up cement head 8.00 11.00 3.00 12 hold pre-job me | held good 11.00 12.00 1.00 12 rig down cement head & lines 12.00 21.00 9.00 14 nipple | ng filling every third joint to bottom. cement same. pick up bop and install 9 5/8"" sl | ump 165bbls tail slurry. drop top plug. displace with dowel 354bbls fresh water. bump pl | d, mix & pump 165bbls tail slurry. drop top plug. displace with dowel 354bbls fresh wate",41000.0,False,ok,[],1466.0,,10.0,54.0,24.0,32.0,1013.0,4.6,77000.0,0.1,4.69,2.0,48095.0,12.25,6023054,HTC/MXC1,4x20,1466.0,,,165.0,"""3-3-1/8""",6,,,,6,,159.5,89.5,22.5,92.5,402.0,,,9.0,4.0,,,,,,,,34.0,"9 5/8""",1466.0
TharJath8,25_TharJath8_13_MAY_2004.pdf,2004-05-13,Thar Jath - 08,ZPEB Rig 747,13 May,25.0,12-May-04,44.0,2.0,13-May-04,63.0,332.0,109.0,T-1300 BPMP,BPMP,12.0,840.0,T-1300 BPMP,BPMP,12.0,6 2/3,F- 800,,9.0,,,,1.5,1.5,"Pick up & RIH with 8½"" steering assy. Drill float equipment, diplace to new mud, drill 2 meters of new hole 040406",['cementing_issue'],True,ng assembly rih (test @ 70m) tag top of cement @ 1438m 7.50 9.50 2.00 6 lay down exces | 9.50 11.50 2.00 3 pick up kelly & drill cement from 1438m-1466m displace to mud on the | p kelly & drill cement from 1438m-1466m displace to mud on the fly 11.50 12.00 0.50 19 d,41000.0,False,ok,[],1606.0,140.0,9.9,50.0,22.0,30.0,1012.0,5.0,77000.0,0.1,4.52,11.0,58212.0,8.5,MM8759,Smith/FGX1,18-20-20,1606.0,140.0,20,200.0,"""1-1-7'",6 2/3,,,97.0,6,329.0,170.0,99.0,26.0,93.0,426.0,,,,4.0,,94.0,885.0,1893.0,,,,34.0,"9 5/8""",1466.0
TharJath8,26_TharJath8_14_MAY_2004.pdf,2004-05-14,Thar Jath - 08,DAILY DRILLING REPORT RIG NAME ZPEB Rig 747,14 May,26.0,12-May-04,44.0,2.0,13-May-04,63.0,333.0,109.0,T-1300 BPMP,T-1300 BPMP,12.0,1050.0,T-1300 BPMP,T-1300 BPMP,12.0,6 2/3,F- 800,F- 800,9.0,,,,,24.0,"Cont' drilling ahead with steering assy 8½"" hole. Forward operation : Drill ahead 8½"" directional hole to 2650m MD, 2350 TVD @ 42º & 63 Azumith Possible bit change @ 1850TVD 040406",['no_anomaly'],False,,37000.0,False,ok,[],1825.0,219.0,10.0,57.0,27.0,40.0,915.0,5.2,85000.0,0.1,4.66,9.0,168072.0,8.5,MM8759,Smith/FGX1,18-20-20,1825.0,359.0,29,203.0,"""1-1-7'",6 2/3,94.0,2021.0,97.0,6,329.0,194.0,99.0,26.0,93.0,450.0,,,,4.0,,94.0,1050.0,1893.0,,,,34.0,"9 5/8""",1466.0
TharJath8,27_TharJath8_15_MAY_2004.pdf,2004-05-15,Thar Jath - 08,ZPEB Rig 747,15 May,27.0,12-May-04,46.0,2.0,13-May-04,63.0,334.0,111.0,T-1300 BPMP,BPMP,12.0,880.0,T-1300 BPMP,BPMP,12.0,6 2/3,F- 800,,9.0,,,,8.5,8.5,"Cont' drilling ahead with steering assy 8½"" hole. POOH to change bit to PDC. Forward operation : Drill 040406","['well_kick', 'tight_hole']",True,"lo-vis/hi-vis sweep 10.00 16.00 6.00 6 flow check, pump heavy slug, pooh for bit change ( | mp heavy slug, pooh for bit change (max overpull 20,000lbs) 16.00 20.50 4.50 6 change ou | 23.00 1.00 3 lay out last stand & wash/ream from 1857m-1898m 23.00 24.00 1.00 20 dr",33000.0,False,ok,[],1911.0,86.0,10.0,54.0,22.0,30.0,1012.0,4.8,90000.0,0.1,4.51,3.0,71395.0,8.5,SC1691,Smith/FGX1,5X14,,13.0,15,274.0,PDC,6 2/3,,,95.0,6,432.0,203.5,110.5,28.5,93.5,474.0,,,,4.0,,125.0,860.0,1839.0,,,,34.0,"9 5/8""",1466.0
TharJath8,28_TharJath8_16_MAY_2004.pdf,2004-05-16,Thar Jath - 08,ZPEB Rig 747,16 May,28.0,12-May-04,45.0,2.0,13-May-04,61.0,335.0,108.0,T-1300 BPMP,BPMP,12.0,880.0,T-1300 BPMP,BPMP,12.0,6 2/3,F- 800,,9.0,,,,24.0,24.0,"Cont' drilling ahead with steering assy 8½"" hole. Forward operation : Drill ahead 8½"" directional hole to 040406",['no_anomaly'],False,,28000.0,False,ok,[],2014.0,103.0,10.2,62.0,25.0,41.0,814.0,5.2,96000.0,0.1,5.1,5.0,76482.0,8.5,SC1691,Smith/FGX1,5X14,,116.0,22,274.0,PDC,6 2/3,,,97.0,6,432.0,227.5,110.5,28.5,93.5,498.0,,,,4.0,,125.0,860.0,1839.0,,,,34.0,"9 5/8""",1466.0
TharJath8,29_TharJath8_17_MAY_2004.pdf,2004-05-17,Thar Jath - 08,ZPEB Rig 747,17 May,29.0,12-May-04,45.0,2.0,13-May-04,61.0,336.0,108.0,T-1300 BPMP,BPMP,12.0,777.0,T-1300 BPMP,BPMP,12.0,6 2/3,F- 800,,9.0,,,,8.5,8.5,"Cont' drilling ahead with steering assy 8½"" hole. Progress stopped, POOH change bit and pick 040406",['no_anomaly'],False,,,False,ok,[],2017.0,3.0,10.2,62.0,26.0,38.0,1016.0,5.5,95000.0,0.1,5.27,1673.0,78155.0,8.5,6023090,HTC/MX-30DT,3x18,,1.0,29,171.0,"""5-3-7""",6 2/3,,,97.0,6,,237.0,125.0,28.5,93.5,522.0,,,,4.0,,125.0,745.0,2400.0,,,,34.0,"9 5/8""",1466.0
TharJath8,30_TharJath8_18_MAY_2004.pdf,2004-05-18,Thar Jath - 08,ZPEB Rig 747,18 May,30.0,12-May-04,45.0,2.0,13-May-04,61.0,337.0,108.0,T-1300 BPMP,BPMP,12.0,777.0,T-1300 BPMP,BPMP,12.0,6 2/3,F- 800,,9.0,,,,24.0,24.0,"Cont' drilling ahead with steering assy 8½"" hole. Forward operation : Drill ahead 8½"" directional hole to 040406",['no_anomaly'],False,,42000.0,False,ok,[],2121.0,104.0,10.0,52.0,23.0,32.0,812.0,5.0,86000.0,0.1,4.46,2.0,81040.0,8.5,6023090,HTC/MX-30DT,3x18,,105.0,29,207.0,"""5-3-7""",6 2/3,,,97.0,6,448.0,261.0,125.0,28.5,93.5,546.0,,,,4.0,,125.0,1048.0,2000.0,,,,34.0,"9 5/8""",1466.0
TharJath8,31_TharJath8_19_MAY_2004.pdf,2004-05-19,Thar Jath - 08,ZPEB Rig 747,19 May,31.0,12-May-04,45.0,2.0,13-May-04,61.0,338.0,108.0,T-1300 BPMP,BPMP,12.0,777.0,T-1300 BPMP,BPMP,12.0,6 2/3,F- 800,,9.0,,,216.0,15.0,15.0,"Cont' drilling ahead with steering assy 8½"" hole.POOH for bit & BHA change due to hours. Forward operation : Drill ahead 8½"" 040406",['well_kick'],True,"circulate bottoms up 15.50 22.50 7.00 6 flow check, pump heavy slug, pooh for bit & bha ch",38000.0,False,ok,[],2178.0,57.0,10.1,54.0,24.0,34.0,711.0,5.4,88000.0,0.1,4.96,1.0,82658.0,8.5,6023090,HTC/MX-30DT,3x18,2178.0,162.0,29,207.0,3-2-I,6 2/3,,,97.0,6,448.0,276.0,133.5,29.0,93.5,570.0,,,,4.0,,125.0,1048.0,2000.0,,,,34.0,"9 5/8""",1466.0
TharJath8,32_TharJath8_20_MAY_2004.pdf,2004-05-20,Thar Jath - 08,ZPEB Rig 747,20 May,32.0,12-May-04,43.0,2.0,13-May-04,65.0,339.0,110.0,T-1300 BPMP,BPMP,12.0,1080.0,T-1300 BPMP,BPMP,12.0,6 2/3,F- 800,,9.0,,,216.0,5.0,5.0,"Cont' RIH with new bit & BHA (Remove 6 6½"" DC) Drill ahead steering @ 62 azumith & 42º. Forward operation : Drill ahead 8½"" 040406",['no_anomaly'],False,,34000.0,False,ok,[],2287.0,109.0,10.1,52.0,24.0,32.0,814.0,5.2,84000.0,0.1,4.97,3.0,86375.0,8.5,6023031,HTC/MX-20G,3x18,,109.0,31,207.0,"""5-1-7""",6 2/3,,,98.0,6,448.0,294.5,138.5,29.5,93.5,594.0,,,,4.0,,125.0,1096.0,2337.0,,,,34.0,"9 5/8""",1466.0
TharJath8,33_TharJath8_21_MAY_2004.pdf,2004-05-21,Thar Jath - 08,ZPEB Rig 747,21 May,33.0,12-May-04,43.0,3.0,13-May-04,47.0,340.0,93.0,T-1300 BPMP,BPMP,12.0,1080.0,T-1300 BPMP,BPMP,12.0,6 2/3,F- 800,,9.0,,,216.0,20.0,20.0,"Drill ahead steering @ 62 azumith & 42º. Slow ROP, POOH for bit change. Forward operation : Drill ahead 8½"" directional hole to 040406",['well_kick'],True,"79m 20.00 20.50 0.50 5 circ bottoms up, flow check 20.50 24.00 3.50 6 pump heavy slug, poo",34000.0,False,ok,[],2379.0,92.0,10.0,52.0,22.0,30.0,911.0,5.2,80000.0,0.1,4.68,2.0,88803.0,8.5,6023031,HTC/MX-20G,3x18,2379.0,201.0,31,207.0,"""5-1-7""",6 2/3,,,98.0,6,448.0,314.5,142.0,30.0,93.5,618.0,,,,4.0,,125.0,1096.0,2450.0,,,,34.0,"9 5/8""",1466.0
TharJath8,34_TharJath8_22_MAY_2004.pdf,2004-05-22,Thar Jath - 08,ZPEB Rig 747,22 May,34.0,12-May-04,44.0,8.0,13-May-04,37.0,341.0,89.0,T-1300 BPMP,BPMP,12.0,1085.0,T-1300 BPMP,BPMP,12.0,6 2/3,F- 800,,9.0,,,216.0,3.5,3.5,"POOH for bit change. RIH, no fill. Drill ahead from 2379m @ 42º & 63 azimuth. Forward operation : Drill ahead 8½"" directional hole 040406",['well_kick'],True,"code remarks 3.50 3.50 6 continue pooh, flow check @ shoe 3.50 4.00 0.50 6 change bit & ri",30000.0,False,ok,[],2440.0,61.0,10.1,53.0,24.0,32.0,97.0,5.0,75000.0,0.1,5.44,2.0,91531.0,8.5,6023089,HTC/MX-30DT,3x18,,61.0,31,207.0,"""5-3-7""",6 2/3,,,97.0,6,445.0,328.0,151.5,30.5,94.0,642.0,,,,4.0,,125.0,1091.0,2450.0,,,,34.0,"9 5/8""",1466.0
TharJath8,35_TharJath8_23_MAY_2004.pdf,2004-05-23,Thar Jath - 08,ZPEB Rig 747,23 May,35.0,12-May-04,47.0,11.0,13-May-04,37.0,342.0,95.0,T-1300 BPMP,BPMP,12.0,1085.0,T-1300 BPMP,BPMP,12.0,6 2/3,F- 800,,9.0,,,,24.0,24.0,"Drill ahead @ 41º & 62 azimuth. Forward operation : Drill ahead 8½"" directional hole to 2650m 040406",['no_anomaly'],False,,,False,ok,[],2523.0,83.0,10.0,54.0,26.0,32.0,610.0,5.1,75000.0,0.1,4.89,2772.0,94303.0,8.5,6023089,HTC/MX-30DT,3x18,,144.0,31,207.0,"""5-3-7""",6 2/3,,,97.0,6,,352.0,151.5,30.5,94.0,666.0,,,,4.0,,125.0,1091.0,2350.0,,,,34.0,"9 5/8""",1466.0
TharJath8,36_TharJath8_24_MAY_2004.pdf,2004-05-24,Thar Jath - 08,ZPEB Rig 747,24 May,36.0,12-May-04,49.0,12.0,13-May-04,38.0,343.0,99.0,T-1300 BPMP,BPMP,12.0,1085.0,T-1300 BPMP,BPMP,12.0,6 2/3,F- 800,,9.0,,,,3.5,3.5,POOH & change out bit & motor. RIH & drill ahead @ 41º & 62 azimuth. Forward operation : Drill 040406,"['well_kick', 'tight_hole']",True,"50 4.50 1.00 5 circulate hi-vis/lo-vis, flow check, pump heavy slug 4.50 12.00 7.50 6 pooh | 4.50 12.00 7.50 6 pooh for bit & motor. flow check @ shoe 12.00 13.00 1.00 6 change out bi | continue rih 20.00 20.50 0.50 3 wash & ream from 2518m-2531m 20.50 24.00 3.50 20 dr",,False,ok,[],2550.0,27.0,10.1,52.0,26.0,30.0,810.0,5.0,75000.0,0.1,5.32,1786.0,96089.0,8.5,6023030,HTC/MX-20G,3x18,,29.0,32,281.0,"""5-1-7""",6 2/3,,,98.0,6,,359.0,167.0,32.0,94.0,690.0,,,,4.0,,125.0,1091.0,2659.0,,,,34.0,"9 5/8""",1466.0
TharJath8,37_TharJath8_25_MAY_2004.pdf,2004-05-25,Thar Jath - 08,ZPEB Rig 747,25 May,37.0,12-May-04,49.0,12.0,13-May-04,38.0,344.0,99.0,T-1300 BPMP,BPMP,12.0,1500.0,T-1300 BPMP,BPMP,12.0,6 2/3,F- 800,,9.0,,,,24.0,24.0,"Drill ahead @ 41º & 62 azimuth. Forward operation : Drill ahead 8½"" directional hole to 2650m MD, 2350 040406",['no_anomaly'],False,,23000.0,False,ok,[],2649.0,99.0,10.1,47.0,22.0,29.0,86.0,5.0,70000.0,0.1,5.68,1.0,97733.0,8.5,6023030,HTC/MX-20G,3x18,,118.0,32,281.0,"""5-1-7""",6 2/3,,,97.0,6,445.0,383.0,167.0,32.0,94.0,714.0,,,,4.0,,125.0,1510.0,2600.0,,,,34.0,"9 5/8""",1466.0
TharJath8,38_TharJath8_26_MAY_2004.pdf,2004-05-26,Thar Jath - 08,ZPEB Rig 747,26 May,38.0,12-May-04,48.0,12.0,13-May-04,36.0,345.0,96.0,T-1300 BPMP,BPMP,12.0,1500.0,T-1300 BPMP,BPMP,12.0,6 2/3,F- 800,,9.0,,,,4.5,4.5,Drill directional hole to 2681m (TD) MD & 2393 TVD. POOH and lay down directional equipment. Forward 040406,['well_kick'],True,"13.00 1.00 5 pump lo-vis/hi-vis sweep, flow check & pump heavy slug 13.00 21.50 8.50 6 po",21000.0,False,ok,[],2681.0,32.0,10.1,55.0,22.0,31.0,813.0,4.8,70000.0,0.1,5.72,1.0,3733.0,8.5,6023030,HTC/MX-20G,3x18,,,,50.0,"""5-1-7""",6 2/3,,,97.0,6,445.0,393.0,178.0,35.0,94.0,738.0,,,,4.0,,125.0,1510.0,2600.0,,,,34.0,"9 5/8""",1466.0
TharJath8,39_TharJath8_27_MAY_2004.pdf,2004-05-27,Thar Jath - 08,ZPEB Rig 747,27 May,39.0,12-May-04,56.0,10.0,13-May-04,36.0,346.0,102.0,T-1300 BPMP,BPMP,12.0,845.0,T-1300 BPMP,BPMP,12.0,6 2/3,F- 800,,9.0,,,,3.0,3.0,"RIH with slick assembly, circulate sweeps, POOH to log. Run log # 1 PEX-HRLA-BHC-NGS-SP, 040406","['well_kick', 'tight_hole']",True,"circulate hole clean 6.00 13.00 7.00 6 flow check, pump heavy slug, pooh to log (no drag) | ue rih with slick assembly to 2658m (no drag) 3.00 3.50 0.50 3 make up kelly & wash | check, pump heavy slug, pooh to log (no drag) 13.00 21.00 8.00 11 rig up to log suit",,False,ok,[],2681.0,,10.0,47.0,22.0,29.0,89.0,5.0,68000.0,0.1,5.26,1560.0,5293.0,8.5,6023030,HTC/MX-20G,3x18,2681.0,,,50.0,"""3-2-I""",6 2/3,,,97.0,6,,393.0,188.0,38.0,94.0,762.0,,,,4.0,,125.0,850.0,1800.0,,,,45.0,"9 5/8""",1466.0
TharJath8,40_TharJath8_28_MAY_2004.pdf,2004-05-28,Thar Jath - 08,ZPEB Rig 747,28 May,40.0,12-May-04,49.0,7.0,13-May-04,42.0,347.0,98.0,T-1300 BPMP,BPMP,12.0,845.0,T-1300 BPMP,BPMP,12.0,6 2/3,F- 800,,9.0,,,,14.5,14.5,"Log # 2 VSP. RIH with slick assembly, circulate sweeps, POOH to run log 3 RFT. Forward 040406","['well_kick', 'tight_hole']",True,"is sweep, clean hole 22.50 24.00 1.50 6 flow check, pump heavy slug, pooh for rft (no drag | ssembly for wiper trip prior to rft (no drag) 21.00 21.50 0.50 3 precautionary wash | heck, pump heavy slug, pooh for rft (no drag) daily  log # 2 vsp. rih with slick ass",,False,ok,[],2681.0,,10.0,55.0,22.0,28.0,89.0,5.0,68000.0,0.1,5.26,1786.0,7079.0,8.5,6023030,HTC/MX-20G,3x18,2681.0,,,,"""5-1-7""",6 2/3,,,97.0,6,,393.0,196.0,39.5,94.0,786.0,,,,4.0,,125.0,850.0,1800.0,,,,59.5,"9 5/8""",1466.0
TharJath8,41_TharJath8_29_MAY_2004.pdf,2004-05-29,Thar Jath - 08,ZPEB Rig 747,29 May,41.0,12-May-04,49.0,7.0,13-May-04,42.0,348.0,98.0,T-1300 BPMP,BPMP,12.0,845.0,T-1300 BPMP,BPMP,12.0,6 2/3,F- 800,,9.0,,,,6.0,6.0,POOH to run log 3 RFT. Run RFT. RIH for wiper trip between getting pressure point data & 040406,"['tight_hole', 'cementing_issue']",True,"ks 6.00 6.00 6 continue pooh to log (no drag) 6.00 7.00 1.00 11 rig up to log 7.00 2 | continue with logging, run 7"" casing & cement.",,False,ok,[],2681.0,,10.0,55.0,22.0,28.0,89.0,5.0,68000.0,0.1,5.26,1080.0,8159.0,8.5,6023030,HTC/MX-20G,3x18,2681.0,,,,"""5-1-7""",6 2/3,,,100.0,6,,393.0,203.5,39.5,94.0,810.0,,,,4.0,,125.0,850.0,1560.0,,,,76.0,"9 5/8""",1466.0
TharJath8,42_TharJath8_30_MAY_2004.pdf,2004-05-30,Thar Jath - 08,ZPEB Rig 747,30 May,42.0,12-May-04,48.0,7.0,13-May-04,42.0,349.0,97.0,T-1300 BPMP,BPMP,12.0,845.0,T-1300 BPMP,BPMP,12.0,6 2/3,F- 800,,9.0,,,,4.0,4.0,RIH for wiper trip between getting pressure point data & samples due to sticky hole. Run RFT log for 2ea 040406,"['well_kick', 'equipment_failure', 'tight_hole']",True,"circulate hole clean 5.50 13.00 7.50 6 flow check (ok), pump heavy slug, pooh to log 13.0 | 50 23.50 2.00 11 log run # 4, dsi, tool failure. attemp to repair. no go 23.50 24.00 0. | hole samples. attempt to run dsi. tool failure. attempt repair. forward operation : co | continue rih for wipe trip to 2668m (no drag) 4.00 4.50 0.50 3 wash from 2668m-2681m",16000.0,False,ok,[],2681.0,,10.0,55.0,21.0,28.0,812.0,5.2,67000.0,0.1,5.31,2.0,10250.0,8.5,6023030,HTC/MX-20G,3x18,2681.0,,,,"""5-1-7""",6 2/3,,,100.0,6,195.0,393.0,215.0,41.0,94.0,834.0,,,,4.0,,125.0,850.0,1560.0,,,,87.0,"9 5/8""",1466.0
TharJath8,43_TharJath8_31_MAY_2004.pdf,2004-05-31,Thar Jath - 08,ZPEB Rig 747,31 May,43.0,12-May-04,55.0,8.0,13-May-04,42.0,350.0,105.0,T-1300 BPMP,BPMP,12.0,845.0,T-1300 BPMP,BPMP,12.0,6 2/3,F- 800,,9.0,,,,6.0,6.0,Rig up & run # 4 CST. Tool stuck at 2502m. Line stuck at 2002m. RIH with strip over fishing tool. Engage 040406,"['stuck_pipe', 'cementing_issue']",True,"# 4 cst 6.00 9.00 3.00 11 logging tools stuck at 2502m, work tools, no go, wire stuck | stuck at 2502m, work tools, no go, wire stuck at 2002m 9.00 11.00 2.00 19 rig up for | same. daily  rig up & run # 4 cst. tool stuck at 2502m. line stuck at 2002m. rih with | run # 4 cst. tool stuck at 2502m. line stuck at 2002m. rih with strip over fishing t | (cst tool) wiper trip, run 7"" casing & cement. 06:00hrs: pooh",15000.0,False,ok,[],2681.0,,10.0,55.0,21.0,28.0,812.0,5.2,67000.0,0.1,5.31,1.0,11810.0,8.5,6023030,HTC/MX-20G,3x18,2681.0,,,,"""5-1-7""",6 2/3,,,,6,,393.0,227.0,41.5,96.5,858.0,,,4.0,4.0,,,850.0,,,,,96.0,"9 5/8""",1466.0
TharJath8,44_TharJath8_01_Jun_2004.pdf,2004-06-01,Thar Jath - 08,ZPEB Rig 747,1 June,44.0,12-May-04,55.0,8.0,13-May-04,42.0,351.0,105.0,T-1300 BPMP,BPMP,12.0,845.0,T-1300 BPMP,BPMP,12.0,6 2/3,F- 800,,9.0,,,,1.5,1.5,"Engage fish. Pull out electric logging cable, POOH & recover fish. Wiper trip prior run 7"" casing. Forward operation : Run 7"" Liner 040406","['well_kick', 'cementing_issue']",True,"lo-vis/hi-vis sweep 21.00 24.00 3.00 6 flow check, pump heavy slug, pooh to run 7"" liner | ation : run 7"" liner 040406  dry hole & cement. 06:00hrs: rig up to run 7"" liner",13000.0,False,ok,[],2681.0,,10.1,53.0,21.0,28.0,812.0,5.2,67000.0,0.1,5.62,1.0,13788.0,8.5,6023030,HTC/MX-20G,3x18,2681.0,,,,"""5-1-7""",6 2/3,,,,6,,393.0,244.5,43.5,101.0,882.0,,,,4.0,,,850.0,,,,,96.0,"9 5/8""",1466.0
TharJath8,45_TharJath8_02_Jun_2004.pdf,2004-06-02,Thar Jath - 08,ZPEB Rig 747,2 June,45.0,12-May-04,55.0,8.0,13-May-04,42.0,352.0,105.0,T-1300 BPMP,BPMP,12.0,845.0,T-1300 BPMP,BPMP,12.0,6 2/3,F- 800,,9.0,,,,6.0,6.0,"P.O.O.H. Rig up and run 7 "" liner, circulate hole clean, rig up cement head and pressure test lines. 040406",['cementing_issue'],True,"culate hole 23.00 23.50 0.50 12 make up cementing head and drop setting ball 23.50 24. | 7 "" liner, circulate hole clean, rig up cement head and pressure test lines. 040406  d | . 040406  dry hole forward operations : cement liner ,reverse circulate p.o.o.h. with",11000.0,False,ok,[],2681.0,,10.1,53.0,21.0,28.0,812.0,5.2,67000.0,0.1,5.73,4.0,17953.0,8.5,6023030,HTC/MX-20G,3x18,2681.0,,,,"""5-1-7""",6 2/3,,,,6,,393.0,250.5,43.5,119.0,906.0,,,7.0,4.0,,,850.0,,,,,96.0,,
TharJath8,46_TharJath8_03_Jun_2004.pdf,2004-06-03,Thar Jath - 08,ZPEB Rig 747,3 June,46.0,12-May-04,53.0,8.0,13-May-04,42.0,353.0,103.0,T-1300 BPMP,BPMP,12.0,845.0,T-1300 BPMP,BPMP,12.0,6 2/3,F- 800,,9.0,,,,0.5,0.5,"Cement liner ,reverse circulate P.O.O.H. with running tool,lay out excess pipe . R.I.H. with 9 5/8"" scraper 040406",['cementing_issue'],True,"50 2.00 1.50 12 circulate and batch mix cement slurry 125bbl.@ 15.8 ppg. 2.00 3.00 1.0 | 2 pump mud push and spacer and 125 bbl. cement 3.00 4.00 1.00 12 drop dart and displac | packer, sting out and reverse circulate,cement returns to surface 5.50 14.00 8.50 6 p. | h. picking up 3 1/2 "" drill pipe daily  cement liner ,reverse circulate p.o.o.h. with | cement 3.00 4.00 1.00 12 drop dart and displace with water, latch plug 1,400 psi. shear",52000.0,False,ok,[],2681.0,,,,,,,,,,,2.0,20622.0,8.5,6023030,HTC/MX-20G,3x18,2681.0,,,,"""5-1-7""",6 2/3,,,,6,,393.0,267.5,46.5,123.0,930.0,,,,4.0,,,850.0,,43000.0,,,96.0,,
TharJath8,47_TharJath8_04_Jun_2004.pdf,2004-06-04,Thar Jath - 08,ZPEB Rig 747,4 June,47.0,12-May-04,56.0,8.0,13-May-04,42.0,354.0,106.0,T-1300 BPMP,BPMP,12.0,845.0,T-1300 BPMP,BPMP,12.0,6 2/3,F- 800,,9.0,,,,6.5,6.5,"R.I.H. drill out to 2678 m P.O.O.H. R.I.H. with 7"" scraper. Forward operation :P.O.O.H. lay down 5 "" drill 040406",['cementing_issue'],True,"i.h. picking up 3 1/2 "" drill pipe, tag cement 6.50 16.00 9.50 3 drill cement f/ 2628m | ipe, tag cement 6.50 16.00 9.50 3 drill cement f/ 2628m, drill out latch collar, float | rill out latch collar, float collar and cement to 2678 m 16.00 18.00 2.00 5 circulate | ement f/ 2628m, drill out latch collar, float collar and cement to 2678 m 16.00 18.00 2.00 5",48000.0,False,ok,[],2681.0,,,,,,,,,,,1.0,22425.0,6.0,6012855,STRDSO9DX,OPEN,2678.0,,8,75.0,"""5-1-7""",6 2/3,,,,6,,393.0,280.0,56.0,125.0,954.0,,,4.0,4.0,,,850.0,,43000.0,,,96.0,,
